domain,success,redirected_url,error,tech_cdn,tech_js_frameworks,server_server,server_cloudflare,server_CF-Cache-Status,server_CF-RAY
jordndj2x.cc ,False,,"Both HTTPS and HTTP failed: Message: unknown error: net::ERR_NAME_NOT_RESOLVED
  (Session info: chrome=134.0.6998.88)
Stacktrace:
#0 0x561dfc594a1a <unknown>
#1 0x561dfc04c390 <unknown>
#2 0x561dfc043518 <unknown>
#3 0x561dfc033a39 <unknown>
#4 0x561dfc03573d <unknown>
#5 0x561dfc033dce <unknown>
#6 0x561dfc033775 <unknown>
#7 0x561dfc033449 <unknown>
#8 0x561dfc031159 <unknown>
#9 0x561dfc031a2a <unknown>
#10 0x561dfc04f829 <unknown>
#11 0x561dfc0ead85 <unknown>
#12 0x561dfc0c3bd2 <unknown>
#13 0x561dfc0ea07b <unknown>
#14 0x561dfc0c39a3 <unknown>
#15 0x561dfc08f60e <unknown>
#16 0x561dfc090dd1 <unknown>
#17 0x561dfc55addb <unknown>
#18 0x561dfc55ecbc <unknown>
#19 0x561dfc542392 <unknown>
#20 0x561dfc55f834 <unknown>
#21 0x561dfc5261ef <unknown>
#22 0x561dfc583038 <unknown>
#23 0x561dfc583216 <unknown>
#24 0x561dfc593896 <unknown>
#25 0x7f3f212b01c4 <unknown>
 | Message: unknown error: net::ERR_NAME_NOT_RESOLVED
  (Session info: chrome=134.0.6998.88)
Stacktrace:
#0 0x561dfc594a1a <unknown>
#1 0x561dfc04c390 <unknown>
#2 0x561dfc043518 <unknown>
#3 0x561dfc033a39 <unknown>
#4 0x561dfc03573d <unknown>
#5 0x561dfc033dce <unknown>
#6 0x561dfc033775 <unknown>
#7 0x561dfc033449 <unknown>
#8 0x561dfc031159 <unknown>
#9 0x561dfc031a2a <unknown>
#10 0x561dfc04f829 <unknown>
#11 0x561dfc0ead85 <unknown>
#12 0x561dfc0c3bd2 <unknown>
#13 0x561dfc0ea07b <unknown>
#14 0x561dfc0c39a3 <unknown>
#15 0x561dfc08f60e <unknown>
#16 0x561dfc090dd1 <unknown>
#17 0x561dfc55addb <unknown>
#18 0x561dfc55ecbc <unknown>
#19 0x561dfc542392 <unknown>
#20 0x561dfc55f834 <unknown>
#21 0x561dfc5261ef <unknown>
#22 0x561dfc583038 <unknown>
#23 0x561dfc583216 <unknown>
#24 0x561dfc593896 <unknown>
#25 0x7f3f212b01c4 <unknown>
",,,,,,
j2hxoq.cc ,True,https://hgehxw.cc/#/login,,,,,,,
hgehxw.cc ,True,https://hgehxw.cc/#/login,,,,,,,
l2nxw.cc ,True,https://ivbzuarjjhurgh.cc/#/login,,,,,,,
g21gx.cc ,True,https://ihuouqzzw.cc/#/login,,,,,,,
gruvvipgs.com ,True,https://gruaviogs.com/#/,,,,,,,
gruaviogs.com ,True,https://gruaviogs.com/#/login,,,,,,,
trinityhkr.com ,True,http://trinityhkr.com/,,,,,,,
allisonworldxap.com ,True,http://allisonworldxap.com/,,,,,,,
tbscgplz.cc ,False,,"Both HTTPS and HTTP failed: Message: unknown error: net::ERR_SSL_VERSION_OR_CIPHER_MISMATCH
  (Session info: chrome=134.0.6998.88)
Stacktrace:
#0 0x561dfc594a1a <unknown>
#1 0x561dfc04c390 <unknown>
#2 0x561dfc043518 <unknown>
#3 0x561dfc033a39 <unknown>
#4 0x561dfc03573d <unknown>
#5 0x561dfc033dce <unknown>
#6 0x561dfc033775 <unknown>
#7 0x561dfc033449 <unknown>
#8 0x561dfc031159 <unknown>
#9 0x561dfc031a2a <unknown>
#10 0x561dfc04f829 <unknown>
#11 0x561dfc0ead85 <unknown>
#12 0x561dfc0c3bd2 <unknown>
#13 0x561dfc0ea07b <unknown>
#14 0x561dfc0c39a3 <unknown>
#15 0x561dfc08f60e <unknown>
#16 0x561dfc090dd1 <unknown>
#17 0x561dfc55addb <unknown>
#18 0x561dfc55ecbc <unknown>
#19 0x561dfc542392 <unknown>
#20 0x561dfc55f834 <unknown>
#21 0x561dfc5261ef <unknown>
#22 0x561dfc583038 <unknown>
#23 0x561dfc583216 <unknown>
#24 0x561dfc593896 <unknown>
#25 0x7f3f212b01c4 <unknown>
 | Message: unknown error: net::ERR_SSL_VERSION_OR_CIPHER_MISMATCH
  (Session info: chrome=134.0.6998.88)
Stacktrace:
#0 0x561dfc594a1a <unknown>
#1 0x561dfc04c390 <unknown>
#2 0x561dfc043518 <unknown>
#3 0x561dfc033a39 <unknown>
#4 0x561dfc03573d <unknown>
#5 0x561dfc033dce <unknown>
#6 0x561dfc033775 <unknown>
#7 0x561dfc033449 <unknown>
#8 0x561dfc031159 <unknown>
#9 0x561dfc031a2a <unknown>
#10 0x561dfc04f829 <unknown>
#11 0x561dfc0ead85 <unknown>
#12 0x561dfc0c3bd2 <unknown>
#13 0x561dfc0ea07b <unknown>
#14 0x561dfc0c39a3 <unknown>
#15 0x561dfc08f60e <unknown>
#16 0x561dfc090dd1 <unknown>
#17 0x561dfc55addb <unknown>
#18 0x561dfc55ecbc <unknown>
#19 0x561dfc542392 <unknown>
#20 0x561dfc55f834 <unknown>
#21 0x561dfc5261ef <unknown>
#22 0x561dfc583038 <unknown>
#23 0x561dfc583216 <unknown>
#24 0x561dfc593896 <unknown>
#25 0x7f3f212b01c4 <unknown>
",,,,,,
tbscgalw.cc ,True,http://tbscgalw.cc/,,Cloudflare,,,,,
tbscgopt.cc ,False,,"Both HTTPS and HTTP failed: Message: unknown error: net::ERR_SSL_VERSION_OR_CIPHER_MISMATCH
  (Session info: chrome=134.0.6998.88)
Stacktrace:
#0 0x561dfc594a1a <unknown>
#1 0x561dfc04c390 <unknown>
#2 0x561dfc043518 <unknown>
#3 0x561dfc033a39 <unknown>
#4 0x561dfc03573d <unknown>
#5 0x561dfc033dce <unknown>
#6 0x561dfc033775 <unknown>
#7 0x561dfc033449 <unknown>
#8 0x561dfc031159 <unknown>
#9 0x561dfc031a2a <unknown>
#10 0x561dfc04f829 <unknown>
#11 0x561dfc0ead85 <unknown>
#12 0x561dfc0c3bd2 <unknown>
#13 0x561dfc0ea07b <unknown>
#14 0x561dfc0c39a3 <unknown>
#15 0x561dfc08f60e <unknown>
#16 0x561dfc090dd1 <unknown>
#17 0x561dfc55addb <unknown>
#18 0x561dfc55ecbc <unknown>
#19 0x561dfc542392 <unknown>
#20 0x561dfc55f834 <unknown>
#21 0x561dfc5261ef <unknown>
#22 0x561dfc583038 <unknown>
#23 0x561dfc583216 <unknown>
#24 0x561dfc593896 <unknown>
#25 0x7f3f212b01c4 <unknown>
 | Message: unknown error: net::ERR_SSL_VERSION_OR_CIPHER_MISMATCH
  (Session info: chrome=134.0.6998.88)
Stacktrace:
#0 0x561dfc594a1a <unknown>
#1 0x561dfc04c390 <unknown>
#2 0x561dfc043518 <unknown>
#3 0x561dfc033a39 <unknown>
#4 0x561dfc03573d <unknown>
#5 0x561dfc033dce <unknown>
#6 0x561dfc033775 <unknown>
#7 0x561dfc033449 <unknown>
#8 0x561dfc031159 <unknown>
#9 0x561dfc031a2a <unknown>
#10 0x561dfc04f829 <unknown>
#11 0x561dfc0ead85 <unknown>
#12 0x561dfc0c3bd2 <unknown>
#13 0x561dfc0ea07b <unknown>
#14 0x561dfc0c39a3 <unknown>
#15 0x561dfc08f60e <unknown>
#16 0x561dfc090dd1 <unknown>
#17 0x561dfc55addb <unknown>
#18 0x561dfc55ecbc <unknown>
#19 0x561dfc542392 <unknown>
#20 0x561dfc55f834 <unknown>
#21 0x561dfc5261ef <unknown>
#22 0x561dfc583038 <unknown>
#23 0x561dfc583216 <unknown>
#24 0x561dfc593896 <unknown>
#25 0x7f3f212b01c4 <unknown>
",,,,,,
tbscghex.cc ,True,http://tbscghex.cc/,,Cloudflare,,,,,
trinitywet.com ,True,http://trinitywet.com/,,,,,,,
trinitydhr.com ,True,http://trinitydhr.com/,,,,,,,
trinityhex.com ,True,http://trinityhex.com/,,,,,,,
tacpointhex.cc ,True,https://tacpointplz.cc/#/pc/login,,,Vue.js,,,,
tacpointalw.cc ,True,https://tacpointalw.cc/#/404,,,Vue.js,,,,
tacpointopt.cc ,True,https://tacpointplz.cc/#/pc/login,,,Vue.js,,,,
nexxenun.cc ,True,https://nexxenae.cc/#/,,,,,,,
nexxenae.cc ,True,https://nexxenae.cc/#/login,,,,,,,
bestwestarkujr.com ,True,http://bestwestarkujr.com/,,,,,,,
gummicubehue.com ,True,http://gummicubehue.com/,,,,,,,
work-launcht.com ,True,http://work-launcht.com/,,,,,,,
bnktprohex.com ,True,http://bnktprohex.com/,,,,,,,
bnktproto.com ,True,http://bnktproto.com/,,,,,,,
heihotelsy.com ,True,http://heihotelsy.com/,,,,,,,
bestwestannkle.com ,True,http://bestwestannkle.com/,,,,,,,
work-launchta.com ,True,http://work-launchta.com/,,,,,,,
work-locariaam.com ,True,http://work-locariaam.com/,,,,,,,
work-launch.com ,True,http://work-launch.com/,,,,,,,
theasoprojecttsn.com ,True,http://theasoprojecttsn.com/,,,,,,,
gatecotur.com ,True,http://gatecotur.com/,,,,,,,
kondigitalwork.cc ,True,https://kondigitalme.cc/#/login,,,,,,,
gummicubedfe.com ,True,http://gummicubedfe.com/,,,,,,,
kondigitalae.cc ,True,https://kondigitalau.cc/#/login,,,,,,,
klktechnology.cc ,True,https://klktechnologyt.cc/#/login,,,,,,,
glorietadmin2.com ,True,http://glorietadmin2.com/,,,,,,,
allisonworldeshop.com ,True,http://allisonworldeshop.com/,,,,,,,
strawberryhotelstw.com ,True,http://strawberryhotelstw.com/,,,,,,,
sundewsolutionsw.com ,True,http://sundewsolutionsw.com/,,,,,,,
allisonworldetshop.com ,True,http://allisonworldetshop.com/,,,,,,,
redasotaps.com ,True,http://redasotaps.com/,,,,,,,
gummicubebnr.com ,True,http://gummicubebnr.com/,,,,,,,
sundewsolutionsn.com ,True,http://sundewsolutionsn.com/,,,,,,,
heihotelst.com ,True,http://heihotelst.com/,,,,,,,
strawberryhotelsq.com ,True,http://strawberryhotelsq.com/,,,,,,,
heihotelsty.com ,True,http://heihotelsty.com/,,,,,,,
strawberryhotelsw.com ,True,http://strawberryhotelsw.com/,,,,,,,
redasopas.com ,True,http://redasopas.com/,,,,,,,
allisonworldtshop.com ,True,http://allisonworldtshop.com/,,,,,,,
sundewsolutionstn.com ,True,http://sundewsolutionstn.com/,,,,,,,
gummicubeghr.com ,True,http://gummicubeghr.com/,,,,,,,
theasoprojectsn.com ,True,http://theasoprojectsn.com/,,,,,,,
work-locariaan.com ,True,http://work-locariaan.com/,,,,,,,
webmarketingam.com ,True,http://webmarketingam.com/,,,,,,,
strawberryhotelstq.com ,True,http://strawberryhotelstq.com/,,,,,,,
kjgb1xgw.cc ,True,https://kjgb1xgw.cc/,,,,,,,
mediaxplz.cc ,True,https://mediaxalw.cc/#/,,,,,,,
klktechnologyo.cc ,True,https://klktechnologya.cc/#/login,,,,,,,
fatjoen12.cc ,True,https://fatjoen12.cc/#/login,,,,,,,
klktechnologyt.cc ,True,https://klktechnologyt.cc/#/login,,,,,,,
mediaxhex.com ,True,https://mediaxplz.cc/#/login,,,,,,,
parilondtxwe.cc ,False,,"Both HTTPS and HTTP failed: Message: unknown error: net::ERR_NAME_NOT_RESOLVED
  (Session info: chrome=134.0.6998.88)
Stacktrace:
#0 0x561dfc594a1a <unknown>
#1 0x561dfc04c390 <unknown>
#2 0x561dfc043518 <unknown>
#3 0x561dfc033a39 <unknown>
#4 0x561dfc03573d <unknown>
#5 0x561dfc033dce <unknown>
#6 0x561dfc033775 <unknown>
#7 0x561dfc033449 <unknown>
#8 0x561dfc031159 <unknown>
#9 0x561dfc031a2a <unknown>
#10 0x561dfc04f829 <unknown>
#11 0x561dfc0ead85 <unknown>
#12 0x561dfc0c3bd2 <unknown>
#13 0x561dfc0ea07b <unknown>
#14 0x561dfc0c39a3 <unknown>
#15 0x561dfc08f60e <unknown>
#16 0x561dfc090dd1 <unknown>
#17 0x561dfc55addb <unknown>
#18 0x561dfc55ecbc <unknown>
#19 0x561dfc542392 <unknown>
#20 0x561dfc55f834 <unknown>
#21 0x561dfc5261ef <unknown>
#22 0x561dfc583038 <unknown>
#23 0x561dfc583216 <unknown>
#24 0x561dfc593896 <unknown>
#25 0x7f3f212b01c4 <unknown>
 | Message: unknown error: net::ERR_NAME_NOT_RESOLVED
  (Session info: chrome=134.0.6998.88)
Stacktrace:
#0 0x561dfc594a1a <unknown>
#1 0x561dfc04c390 <unknown>
#2 0x561dfc043518 <unknown>
#3 0x561dfc033a39 <unknown>
#4 0x561dfc03573d <unknown>
#5 0x561dfc033dce <unknown>
#6 0x561dfc033775 <unknown>
#7 0x561dfc033449 <unknown>
#8 0x561dfc031159 <unknown>
#9 0x561dfc031a2a <unknown>
#10 0x561dfc04f829 <unknown>
#11 0x561dfc0ead85 <unknown>
#12 0x561dfc0c3bd2 <unknown>
#13 0x561dfc0ea07b <unknown>
#14 0x561dfc0c39a3 <unknown>
#15 0x561dfc08f60e <unknown>
#16 0x561dfc090dd1 <unknown>
#17 0x561dfc55addb <unknown>
#18 0x561dfc55ecbc <unknown>
#19 0x561dfc542392 <unknown>
#20 0x561dfc55f834 <unknown>
#21 0x561dfc5261ef <unknown>
#22 0x561dfc583038 <unknown>
#23 0x561dfc583216 <unknown>
#24 0x561dfc593896 <unknown>
#25 0x7f3f212b01c4 <unknown>
",,,,,,
haklw.cc ,True,https://xdycoinaqp.cc/#/pc,,,Vue.js,,,,
xdycoins.cc ,True,https://xdycoinaqp.cc/#/pc,,,Vue.js,,,,
fivelyopt.cc ,True,https://fivelyalw.cc/#/login,,,,,,,
fivelyhex.cc ,True,https://fivelyplz.cc/#/login,,,,,,,
combinadls.cc ,True,https://onlinecombinedep.com/#/,,,,,,,
myipaldigwork.cc ,False,,"Both HTTPS and HTTP failed: Message: unknown error: net::ERR_NAME_NOT_RESOLVED
  (Session info: chrome=134.0.6998.88)
Stacktrace:
#0 0x561dfc594a1a <unknown>
#1 0x561dfc04c390 <unknown>
#2 0x561dfc043518 <unknown>
#3 0x561dfc033a39 <unknown>
#4 0x561dfc03573d <unknown>
#5 0x561dfc033dce <unknown>
#6 0x561dfc033775 <unknown>
#7 0x561dfc033449 <unknown>
#8 0x561dfc031159 <unknown>
#9 0x561dfc031a2a <unknown>
#10 0x561dfc04f829 <unknown>
#11 0x561dfc0ead85 <unknown>
#12 0x561dfc0c3bd2 <unknown>
#13 0x561dfc0ea07b <unknown>
#14 0x561dfc0c39a3 <unknown>
#15 0x561dfc08f60e <unknown>
#16 0x561dfc090dd1 <unknown>
#17 0x561dfc55addb <unknown>
#18 0x561dfc55ecbc <unknown>
#19 0x561dfc542392 <unknown>
#20 0x561dfc55f834 <unknown>
#21 0x561dfc5261ef <unknown>
#22 0x561dfc583038 <unknown>
#23 0x561dfc583216 <unknown>
#24 0x561dfc593896 <unknown>
#25 0x7f3f212b01c4 <unknown>
 | Message: unknown error: net::ERR_NAME_NOT_RESOLVED
  (Session info: chrome=134.0.6998.88)
Stacktrace:
#0 0x561dfc594a1a <unknown>
#1 0x561dfc04c390 <unknown>
#2 0x561dfc043518 <unknown>
#3 0x561dfc033a39 <unknown>
#4 0x561dfc03573d <unknown>
#5 0x561dfc033dce <unknown>
#6 0x561dfc033775 <unknown>
#7 0x561dfc033449 <unknown>
#8 0x561dfc031159 <unknown>
#9 0x561dfc031a2a <unknown>
#10 0x561dfc04f829 <unknown>
#11 0x561dfc0ead85 <unknown>
#12 0x561dfc0c3bd2 <unknown>
#13 0x561dfc0ea07b <unknown>
#14 0x561dfc0c39a3 <unknown>
#15 0x561dfc08f60e <unknown>
#16 0x561dfc090dd1 <unknown>
#17 0x561dfc55addb <unknown>
#18 0x561dfc55ecbc <unknown>
#19 0x561dfc542392 <unknown>
#20 0x561dfc55f834 <unknown>
#21 0x561dfc5261ef <unknown>
#22 0x561dfc583038 <unknown>
#23 0x561dfc583216 <unknown>
#24 0x561dfc593896 <unknown>
#25 0x7f3f212b01c4 <unknown>
",,,,,,
jordndmot.cc ,False,,"Both HTTPS and HTTP failed: Message: unknown error: net::ERR_NAME_NOT_RESOLVED
  (Session info: chrome=134.0.6998.88)
Stacktrace:
#0 0x561dfc594a1a <unknown>
#1 0x561dfc04c390 <unknown>
#2 0x561dfc043518 <unknown>
#3 0x561dfc033a39 <unknown>
#4 0x561dfc03573d <unknown>
#5 0x561dfc033dce <unknown>
#6 0x561dfc033775 <unknown>
#7 0x561dfc033449 <unknown>
#8 0x561dfc031159 <unknown>
#9 0x561dfc031a2a <unknown>
#10 0x561dfc04f829 <unknown>
#11 0x561dfc0ead85 <unknown>
#12 0x561dfc0c3bd2 <unknown>
#13 0x561dfc0ea07b <unknown>
#14 0x561dfc0c39a3 <unknown>
#15 0x561dfc08f60e <unknown>
#16 0x561dfc090dd1 <unknown>
#17 0x561dfc55addb <unknown>
#18 0x561dfc55ecbc <unknown>
#19 0x561dfc542392 <unknown>
#20 0x561dfc55f834 <unknown>
#21 0x561dfc5261ef <unknown>
#22 0x561dfc583038 <unknown>
#23 0x561dfc583216 <unknown>
#24 0x561dfc593896 <unknown>
#25 0x7f3f212b01c4 <unknown>
 | Message: unknown error: net::ERR_NAME_NOT_RESOLVED
  (Session info: chrome=134.0.6998.88)
Stacktrace:
#0 0x561dfc594a1a <unknown>
#1 0x561dfc04c390 <unknown>
#2 0x561dfc043518 <unknown>
#3 0x561dfc033a39 <unknown>
#4 0x561dfc03573d <unknown>
#5 0x561dfc033dce <unknown>
#6 0x561dfc033775 <unknown>
#7 0x561dfc033449 <unknown>
#8 0x561dfc031159 <unknown>
#9 0x561dfc031a2a <unknown>
#10 0x561dfc04f829 <unknown>
#11 0x561dfc0ead85 <unknown>
#12 0x561dfc0c3bd2 <unknown>
#13 0x561dfc0ea07b <unknown>
#14 0x561dfc0c39a3 <unknown>
#15 0x561dfc08f60e <unknown>
#16 0x561dfc090dd1 <unknown>
#17 0x561dfc55addb <unknown>
#18 0x561dfc55ecbc <unknown>
#19 0x561dfc542392 <unknown>
#20 0x561dfc55f834 <unknown>
#21 0x561dfc5261ef <unknown>
#22 0x561dfc583038 <unknown>
#23 0x561dfc583216 <unknown>
#24 0x561dfc593896 <unknown>
#25 0x7f3f212b01c4 <unknown>
",,,,,,
lezzathexa.cc ,True,https://lezzatru.cc/#/,,,,,,,
fivelyalw.cc ,True,https://fivelyalw.cc/#/login,,,,,,,
grwdagencyalw.cc ,True,https://grwdagencyalw.cc/#/loading,,,,,,,
grwdagencykas.cc ,True,https://grwdagencykas.cc/#/loading,,,,,,,
directivexhe.cc ,True,https://directivexhe.cc/#/login,,,,,,,
fivelyplz.cc ,True,https://fivelyplz.cc/#/login,,,,,,,
combinnadrls.cc ,True,https://combinedium.com/#/,,,,,,,
kayakhex.cc ,False,,"Both HTTPS and HTTP failed: Message: unknown error: net::ERR_NAME_NOT_RESOLVED
  (Session info: chrome=134.0.6998.88)
Stacktrace:
#0 0x561dfc594a1a <unknown>
#1 0x561dfc04c390 <unknown>
#2 0x561dfc043518 <unknown>
#3 0x561dfc033a39 <unknown>
#4 0x561dfc03573d <unknown>
#5 0x561dfc033dce <unknown>
#6 0x561dfc033775 <unknown>
#7 0x561dfc033449 <unknown>
#8 0x561dfc031159 <unknown>
#9 0x561dfc031a2a <unknown>
#10 0x561dfc04f829 <unknown>
#11 0x561dfc0ead85 <unknown>
#12 0x561dfc0c3bd2 <unknown>
#13 0x561dfc0ea07b <unknown>
#14 0x561dfc0c39a3 <unknown>
#15 0x561dfc08f60e <unknown>
#16 0x561dfc090dd1 <unknown>
#17 0x561dfc55addb <unknown>
#18 0x561dfc55ecbc <unknown>
#19 0x561dfc542392 <unknown>
#20 0x561dfc55f834 <unknown>
#21 0x561dfc5261ef <unknown>
#22 0x561dfc583038 <unknown>
#23 0x561dfc583216 <unknown>
#24 0x561dfc593896 <unknown>
#25 0x7f3f212b01c4 <unknown>
 | Message: unknown error: net::ERR_NAME_NOT_RESOLVED
  (Session info: chrome=134.0.6998.88)
Stacktrace:
#0 0x561dfc594a1a <unknown>
#1 0x561dfc04c390 <unknown>
#2 0x561dfc043518 <unknown>
#3 0x561dfc033a39 <unknown>
#4 0x561dfc03573d <unknown>
#5 0x561dfc033dce <unknown>
#6 0x561dfc033775 <unknown>
#7 0x561dfc033449 <unknown>
#8 0x561dfc031159 <unknown>
#9 0x561dfc031a2a <unknown>
#10 0x561dfc04f829 <unknown>
#11 0x561dfc0ead85 <unknown>
#12 0x561dfc0c3bd2 <unknown>
#13 0x561dfc0ea07b <unknown>
#14 0x561dfc0c39a3 <unknown>
#15 0x561dfc08f60e <unknown>
#16 0x561dfc090dd1 <unknown>
#17 0x561dfc55addb <unknown>
#18 0x561dfc55ecbc <unknown>
#19 0x561dfc542392 <unknown>
#20 0x561dfc55f834 <unknown>
#21 0x561dfc5261ef <unknown>
#22 0x561dfc583038 <unknown>
#23 0x561dfc583216 <unknown>
#24 0x561dfc593896 <unknown>
#25 0x7f3f212b01c4 <unknown>
",,,,,,
ipaldigwork.cc ,False,,"Both HTTPS and HTTP failed: Message: unknown error: net::ERR_NAME_NOT_RESOLVED
  (Session info: chrome=134.0.6998.88)
Stacktrace:
#0 0x561dfc594a1a <unknown>
#1 0x561dfc04c390 <unknown>
#2 0x561dfc043518 <unknown>
#3 0x561dfc033a39 <unknown>
#4 0x561dfc03573d <unknown>
#5 0x561dfc033dce <unknown>
#6 0x561dfc033775 <unknown>
#7 0x561dfc033449 <unknown>
#8 0x561dfc031159 <unknown>
#9 0x561dfc031a2a <unknown>
#10 0x561dfc04f829 <unknown>
#11 0x561dfc0ead85 <unknown>
#12 0x561dfc0c3bd2 <unknown>
#13 0x561dfc0ea07b <unknown>
#14 0x561dfc0c39a3 <unknown>
#15 0x561dfc08f60e <unknown>
#16 0x561dfc090dd1 <unknown>
#17 0x561dfc55addb <unknown>
#18 0x561dfc55ecbc <unknown>
#19 0x561dfc542392 <unknown>
#20 0x561dfc55f834 <unknown>
#21 0x561dfc5261ef <unknown>
#22 0x561dfc583038 <unknown>
#23 0x561dfc583216 <unknown>
#24 0x561dfc593896 <unknown>
#25 0x7f3f212b01c4 <unknown>
 | Message: unknown error: net::ERR_NAME_NOT_RESOLVED
  (Session info: chrome=134.0.6998.88)
Stacktrace:
#0 0x561dfc594a1a <unknown>
#1 0x561dfc04c390 <unknown>
#2 0x561dfc043518 <unknown>
#3 0x561dfc033a39 <unknown>
#4 0x561dfc03573d <unknown>
#5 0x561dfc033dce <unknown>
#6 0x561dfc033775 <unknown>
#7 0x561dfc033449 <unknown>
#8 0x561dfc031159 <unknown>
#9 0x561dfc031a2a <unknown>
#10 0x561dfc04f829 <unknown>
#11 0x561dfc0ead85 <unknown>
#12 0x561dfc0c3bd2 <unknown>
#13 0x561dfc0ea07b <unknown>
#14 0x561dfc0c39a3 <unknown>
#15 0x561dfc08f60e <unknown>
#16 0x561dfc090dd1 <unknown>
#17 0x561dfc55addb <unknown>
#18 0x561dfc55ecbc <unknown>
#19 0x561dfc542392 <unknown>
#20 0x561dfc55f834 <unknown>
#21 0x561dfc5261ef <unknown>
#22 0x561dfc583038 <unknown>
#23 0x561dfc583216 <unknown>
#24 0x561dfc593896 <unknown>
#25 0x7f3f212b01c4 <unknown>
",,,,,,
jordrmdpl.cc ,False,,"Both HTTPS and HTTP failed: Message: unknown error: net::ERR_NAME_NOT_RESOLVED
  (Session info: chrome=134.0.6998.88)
Stacktrace:
#0 0x561dfc594a1a <unknown>
#1 0x561dfc04c390 <unknown>
#2 0x561dfc043518 <unknown>
#3 0x561dfc033a39 <unknown>
#4 0x561dfc03573d <unknown>
#5 0x561dfc033dce <unknown>
#6 0x561dfc033775 <unknown>
#7 0x561dfc033449 <unknown>
#8 0x561dfc031159 <unknown>
#9 0x561dfc031a2a <unknown>
#10 0x561dfc04f829 <unknown>
#11 0x561dfc0ead85 <unknown>
#12 0x561dfc0c3bd2 <unknown>
#13 0x561dfc0ea07b <unknown>
#14 0x561dfc0c39a3 <unknown>
#15 0x561dfc08f60e <unknown>
#16 0x561dfc090dd1 <unknown>
#17 0x561dfc55addb <unknown>
#18 0x561dfc55ecbc <unknown>
#19 0x561dfc542392 <unknown>
#20 0x561dfc55f834 <unknown>
#21 0x561dfc5261ef <unknown>
#22 0x561dfc583038 <unknown>
#23 0x561dfc583216 <unknown>
#24 0x561dfc593896 <unknown>
#25 0x7f3f212b01c4 <unknown>
 | Message: unknown error: net::ERR_NAME_NOT_RESOLVED
  (Session info: chrome=134.0.6998.88)
Stacktrace:
#0 0x561dfc594a1a <unknown>
#1 0x561dfc04c390 <unknown>
#2 0x561dfc043518 <unknown>
#3 0x561dfc033a39 <unknown>
#4 0x561dfc03573d <unknown>
#5 0x561dfc033dce <unknown>
#6 0x561dfc033775 <unknown>
#7 0x561dfc033449 <unknown>
#8 0x561dfc031159 <unknown>
#9 0x561dfc031a2a <unknown>
#10 0x561dfc04f829 <unknown>
#11 0x561dfc0ead85 <unknown>
#12 0x561dfc0c3bd2 <unknown>
#13 0x561dfc0ea07b <unknown>
#14 0x561dfc0c39a3 <unknown>
#15 0x561dfc08f60e <unknown>
#16 0x561dfc090dd1 <unknown>
#17 0x561dfc55addb <unknown>
#18 0x561dfc55ecbc <unknown>
#19 0x561dfc542392 <unknown>
#20 0x561dfc55f834 <unknown>
#21 0x561dfc5261ef <unknown>
#22 0x561dfc583038 <unknown>
#23 0x561dfc583216 <unknown>
#24 0x561dfc593896 <unknown>
#25 0x7f3f212b01c4 <unknown>
",,,,,,
jordannds.cc ,False,,"Both HTTPS and HTTP failed: Message: unknown error: net::ERR_NAME_NOT_RESOLVED
  (Session info: chrome=134.0.6998.88)
Stacktrace:
#0 0x561dfc594a1a <unknown>
#1 0x561dfc04c390 <unknown>
#2 0x561dfc043518 <unknown>
#3 0x561dfc033a39 <unknown>
#4 0x561dfc03573d <unknown>
#5 0x561dfc033dce <unknown>
#6 0x561dfc033775 <unknown>
#7 0x561dfc033449 <unknown>
#8 0x561dfc031159 <unknown>
#9 0x561dfc031a2a <unknown>
#10 0x561dfc04f829 <unknown>
#11 0x561dfc0ead85 <unknown>
#12 0x561dfc0c3bd2 <unknown>
#13 0x561dfc0ea07b <unknown>
#14 0x561dfc0c39a3 <unknown>
#15 0x561dfc08f60e <unknown>
#16 0x561dfc090dd1 <unknown>
#17 0x561dfc55addb <unknown>
#18 0x561dfc55ecbc <unknown>
#19 0x561dfc542392 <unknown>
#20 0x561dfc55f834 <unknown>
#21 0x561dfc5261ef <unknown>
#22 0x561dfc583038 <unknown>
#23 0x561dfc583216 <unknown>
#24 0x561dfc593896 <unknown>
#25 0x7f3f212b01c4 <unknown>
 | Message: unknown error: net::ERR_NAME_NOT_RESOLVED
  (Session info: chrome=134.0.6998.88)
Stacktrace:
#0 0x561dfc594a1a <unknown>
#1 0x561dfc04c390 <unknown>
#2 0x561dfc043518 <unknown>
#3 0x561dfc033a39 <unknown>
#4 0x561dfc03573d <unknown>
#5 0x561dfc033dce <unknown>
#6 0x561dfc033775 <unknown>
#7 0x561dfc033449 <unknown>
#8 0x561dfc031159 <unknown>
#9 0x561dfc031a2a <unknown>
#10 0x561dfc04f829 <unknown>
#11 0x561dfc0ead85 <unknown>
#12 0x561dfc0c3bd2 <unknown>
#13 0x561dfc0ea07b <unknown>
#14 0x561dfc0c39a3 <unknown>
#15 0x561dfc08f60e <unknown>
#16 0x561dfc090dd1 <unknown>
#17 0x561dfc55addb <unknown>
#18 0x561dfc55ecbc <unknown>
#19 0x561dfc542392 <unknown>
#20 0x561dfc55f834 <unknown>
#21 0x561dfc5261ef <unknown>
#22 0x561dfc583038 <unknown>
#23 0x561dfc583216 <unknown>
#24 0x561dfc593896 <unknown>
#25 0x7f3f212b01c4 <unknown>
",,,,,,
ipaldigdata.cc ,True,https://ipaldiogp.cc/#/login,,,,,,,
xdycoin3zs.cc ,True,https://xdycoin3zs.cc/,,,Vue.js,,,,
xdycoinekp.cc ,True,https://xdycoinekp.cc/,,,Vue.js,,,,
sfvpi.icu ,False,,"Both HTTPS and HTTP failed: Message: unknown error: net::ERR_NAME_NOT_RESOLVED
  (Session info: chrome=134.0.6998.88)
Stacktrace:
#0 0x561dfc594a1a <unknown>
#1 0x561dfc04c390 <unknown>
#2 0x561dfc043518 <unknown>
#3 0x561dfc033a39 <unknown>
#4 0x561dfc03573d <unknown>
#5 0x561dfc033dce <unknown>
#6 0x561dfc033775 <unknown>
#7 0x561dfc033449 <unknown>
#8 0x561dfc031159 <unknown>
#9 0x561dfc031a2a <unknown>
#10 0x561dfc04f829 <unknown>
#11 0x561dfc0ead85 <unknown>
#12 0x561dfc0c3bd2 <unknown>
#13 0x561dfc0ea07b <unknown>
#14 0x561dfc0c39a3 <unknown>
#15 0x561dfc08f60e <unknown>
#16 0x561dfc090dd1 <unknown>
#17 0x561dfc55addb <unknown>
#18 0x561dfc55ecbc <unknown>
#19 0x561dfc542392 <unknown>
#20 0x561dfc55f834 <unknown>
#21 0x561dfc5261ef <unknown>
#22 0x561dfc583038 <unknown>
#23 0x561dfc583216 <unknown>
#24 0x561dfc593896 <unknown>
#25 0x7f3f212b01c4 <unknown>
 | Message: unknown error: net::ERR_NAME_NOT_RESOLVED
  (Session info: chrome=134.0.6998.88)
Stacktrace:
#0 0x561dfc594a1a <unknown>
#1 0x561dfc04c390 <unknown>
#2 0x561dfc043518 <unknown>
#3 0x561dfc033a39 <unknown>
#4 0x561dfc03573d <unknown>
#5 0x561dfc033dce <unknown>
#6 0x561dfc033775 <unknown>
#7 0x561dfc033449 <unknown>
#8 0x561dfc031159 <unknown>
#9 0x561dfc031a2a <unknown>
#10 0x561dfc04f829 <unknown>
#11 0x561dfc0ead85 <unknown>
#12 0x561dfc0c3bd2 <unknown>
#13 0x561dfc0ea07b <unknown>
#14 0x561dfc0c39a3 <unknown>
#15 0x561dfc08f60e <unknown>
#16 0x561dfc090dd1 <unknown>
#17 0x561dfc55addb <unknown>
#18 0x561dfc55ecbc <unknown>
#19 0x561dfc542392 <unknown>
#20 0x561dfc55f834 <unknown>
#21 0x561dfc5261ef <unknown>
#22 0x561dfc583038 <unknown>
#23 0x561dfc583216 <unknown>
#24 0x561dfc593896 <unknown>
#25 0x7f3f212b01c4 <unknown>
",,,,,,
xdycoino2z.cc ,True,https://xdycoino2z.cc/,,,Vue.js,,,,
viplviswxlondzx.cc ,True,https://viplviswxlondzx.cc/,,,,,,,
xdycoinlwx.cc ,True,https://xdycoinlwx.cc/,,,Vue.js,,,,
xdycoinxj2.cc ,True,https://xdycoinxj2.cc/,,,Vue.js,,,,
xdycoinqxw.cc ,True,https://xdycoinqxw.cc/,,,Vue.js,,,,
xdycoinlaq.cc ,True,https://xdycoinlaq.cc/,,,Vue.js,,,,
xdycoinopt.cc ,True,https://xdycoinopt.cc/,,,Vue.js,,,,
metrictheoryae.cc ,True,https://metrictheoryae.cc/#/,,,,,,,
metrictheoryoe.cc ,True,https://metrictheoryae.cc/#/login,,,,,,,
metrictheoryun.cc ,True,https://metrictheoryae.cc/#/login,,,,,,,
metrictheorypu.cc ,True,https://metrictheoryoe.cc/#/login,,,,,,,
nexxenpu.cc ,True,https://nexxenun.cc/#/login,,,,,,,
nexxenoe.cc ,True,https://nexxenae.cc/#/login,,,,,,,
federetodhaemesx.com ,True,http://federetodhaemesx.com/,,,,,,,
xdycoinwox.cc ,True,https://xdycoinwox.cc/#/pc,,,Vue.js,,,,
xdycoinaqp.cc ,True,https://xdycoinaqp.cc/#/pc,,,Vue.js,,,,
xdycoinhex.cc ,True,https://xdycoinwox.cc/#/pc,,,Vue.js,,,,
occhaptrowc.cc ,True,https://occhaptrkqa.cc/#/,,,,,,,
occhaptrjxw.cc ,True,https://occhaptrowc.cc/#/login,,,,,,,
occhaptrkqa.cc ,True,https://occhaptrowc.cc/#/login,,,,,,,
occhaptrpks.cc ,True,https://occhaptrowc.cc/#/login,,,,,,,
parilondwoix.cc ,False,,"Both HTTPS and HTTP failed: Message: unknown error: net::ERR_NAME_NOT_RESOLVED
  (Session info: chrome=134.0.6998.88)
Stacktrace:
#0 0x561dfc594a1a <unknown>
#1 0x561dfc04c390 <unknown>
#2 0x561dfc043518 <unknown>
#3 0x561dfc033a39 <unknown>
#4 0x561dfc03573d <unknown>
#5 0x561dfc033dce <unknown>
#6 0x561dfc033775 <unknown>
#7 0x561dfc033449 <unknown>
#8 0x561dfc031159 <unknown>
#9 0x561dfc031a2a <unknown>
#10 0x561dfc04f829 <unknown>
#11 0x561dfc0ead85 <unknown>
#12 0x561dfc0c3bd2 <unknown>
#13 0x561dfc0ea07b <unknown>
#14 0x561dfc0c39a3 <unknown>
#15 0x561dfc08f60e <unknown>
#16 0x561dfc090dd1 <unknown>
#17 0x561dfc55addb <unknown>
#18 0x561dfc55ecbc <unknown>
#19 0x561dfc542392 <unknown>
#20 0x561dfc55f834 <unknown>
#21 0x561dfc5261ef <unknown>
#22 0x561dfc583038 <unknown>
#23 0x561dfc583216 <unknown>
#24 0x561dfc593896 <unknown>
#25 0x7f3f212b01c4 <unknown>
 | Message: unknown error: net::ERR_NAME_NOT_RESOLVED
  (Session info: chrome=134.0.6998.88)
Stacktrace:
#0 0x561dfc594a1a <unknown>
#1 0x561dfc04c390 <unknown>
#2 0x561dfc043518 <unknown>
#3 0x561dfc033a39 <unknown>
#4 0x561dfc03573d <unknown>
#5 0x561dfc033dce <unknown>
#6 0x561dfc033775 <unknown>
#7 0x561dfc033449 <unknown>
#8 0x561dfc031159 <unknown>
#9 0x561dfc031a2a <unknown>
#10 0x561dfc04f829 <unknown>
#11 0x561dfc0ead85 <unknown>
#12 0x561dfc0c3bd2 <unknown>
#13 0x561dfc0ea07b <unknown>
#14 0x561dfc0c39a3 <unknown>
#15 0x561dfc08f60e <unknown>
#16 0x561dfc090dd1 <unknown>
#17 0x561dfc55addb <unknown>
#18 0x561dfc55ecbc <unknown>
#19 0x561dfc542392 <unknown>
#20 0x561dfc55f834 <unknown>
#21 0x561dfc5261ef <unknown>
#22 0x561dfc583038 <unknown>
#23 0x561dfc583216 <unknown>
#24 0x561dfc593896 <unknown>
#25 0x7f3f212b01c4 <unknown>
",,,,,,
parliandigltalx.com ,False,,"Both HTTPS and HTTP failed: Message: unknown error: net::ERR_NAME_NOT_RESOLVED
  (Session info: chrome=134.0.6998.88)
Stacktrace:
#0 0x561dfc594a1a <unknown>
#1 0x561dfc04c390 <unknown>
#2 0x561dfc043518 <unknown>
#3 0x561dfc033a39 <unknown>
#4 0x561dfc03573d <unknown>
#5 0x561dfc033dce <unknown>
#6 0x561dfc033775 <unknown>
#7 0x561dfc033449 <unknown>
#8 0x561dfc031159 <unknown>
#9 0x561dfc031a2a <unknown>
#10 0x561dfc04f829 <unknown>
#11 0x561dfc0ead85 <unknown>
#12 0x561dfc0c3bd2 <unknown>
#13 0x561dfc0ea07b <unknown>
#14 0x561dfc0c39a3 <unknown>
#15 0x561dfc08f60e <unknown>
#16 0x561dfc090dd1 <unknown>
#17 0x561dfc55addb <unknown>
#18 0x561dfc55ecbc <unknown>
#19 0x561dfc542392 <unknown>
#20 0x561dfc55f834 <unknown>
#21 0x561dfc5261ef <unknown>
#22 0x561dfc583038 <unknown>
#23 0x561dfc583216 <unknown>
#24 0x561dfc593896 <unknown>
#25 0x7f3f212b01c4 <unknown>
 | Message: unknown error: net::ERR_NAME_NOT_RESOLVED
  (Session info: chrome=134.0.6998.88)
Stacktrace:
#0 0x561dfc594a1a <unknown>
#1 0x561dfc04c390 <unknown>
#2 0x561dfc043518 <unknown>
#3 0x561dfc033a39 <unknown>
#4 0x561dfc03573d <unknown>
#5 0x561dfc033dce <unknown>
#6 0x561dfc033775 <unknown>
#7 0x561dfc033449 <unknown>
#8 0x561dfc031159 <unknown>
#9 0x561dfc031a2a <unknown>
#10 0x561dfc04f829 <unknown>
#11 0x561dfc0ead85 <unknown>
#12 0x561dfc0c3bd2 <unknown>
#13 0x561dfc0ea07b <unknown>
#14 0x561dfc0c39a3 <unknown>
#15 0x561dfc08f60e <unknown>
#16 0x561dfc090dd1 <unknown>
#17 0x561dfc55addb <unknown>
#18 0x561dfc55ecbc <unknown>
#19 0x561dfc542392 <unknown>
#20 0x561dfc55f834 <unknown>
#21 0x561dfc5261ef <unknown>
#22 0x561dfc583038 <unknown>
#23 0x561dfc583216 <unknown>
#24 0x561dfc593896 <unknown>
#25 0x7f3f212b01c4 <unknown>
",,,,,,
jn34hx.cc ,True,https://jn34hx.cc/#/login,,,,,,,
hugeincpu.cc ,True,https://hugeincae.cc/#/login,,,,,,,
hugeincun.cc ,True,https://hugeincpu.cc/#/,,,,,,,
hugeincoe.cc ,True,https://hugeincae.cc/#/login,,,,,,,
hugeincae.cc ,True,https://hugeincae.cc/#/login,,,,,,,
pricelineza.cc ,True,https://pricelinehu.cc/#/login,,,,,,,
mydiqilalos.cc ,False,,"Both HTTPS and HTTP failed: Message: unknown error: net::ERR_NAME_NOT_RESOLVED
  (Session info: chrome=134.0.6998.88)
Stacktrace:
#0 0x561dfc594a1a <unknown>
#1 0x561dfc04c390 <unknown>
#2 0x561dfc043518 <unknown>
#3 0x561dfc033a39 <unknown>
#4 0x561dfc03573d <unknown>
#5 0x561dfc033dce <unknown>
#6 0x561dfc033775 <unknown>
#7 0x561dfc033449 <unknown>
#8 0x561dfc031159 <unknown>
#9 0x561dfc031a2a <unknown>
#10 0x561dfc04f829 <unknown>
#11 0x561dfc0ead85 <unknown>
#12 0x561dfc0c3bd2 <unknown>
#13 0x561dfc0ea07b <unknown>
#14 0x561dfc0c39a3 <unknown>
#15 0x561dfc08f60e <unknown>
#16 0x561dfc090dd1 <unknown>
#17 0x561dfc55addb <unknown>
#18 0x561dfc55ecbc <unknown>
#19 0x561dfc542392 <unknown>
#20 0x561dfc55f834 <unknown>
#21 0x561dfc5261ef <unknown>
#22 0x561dfc583038 <unknown>
#23 0x561dfc583216 <unknown>
#24 0x561dfc593896 <unknown>
#25 0x7f3f212b01c4 <unknown>
 | Message: unknown error: net::ERR_NAME_NOT_RESOLVED
  (Session info: chrome=134.0.6998.88)
Stacktrace:
#0 0x561dfc594a1a <unknown>
#1 0x561dfc04c390 <unknown>
#2 0x561dfc043518 <unknown>
#3 0x561dfc033a39 <unknown>
#4 0x561dfc03573d <unknown>
#5 0x561dfc033dce <unknown>
#6 0x561dfc033775 <unknown>
#7 0x561dfc033449 <unknown>
#8 0x561dfc031159 <unknown>
#9 0x561dfc031a2a <unknown>
#10 0x561dfc04f829 <unknown>
#11 0x561dfc0ead85 <unknown>
#12 0x561dfc0c3bd2 <unknown>
#13 0x561dfc0ea07b <unknown>
#14 0x561dfc0c39a3 <unknown>
#15 0x561dfc08f60e <unknown>
#16 0x561dfc090dd1 <unknown>
#17 0x561dfc55addb <unknown>
#18 0x561dfc55ecbc <unknown>
#19 0x561dfc542392 <unknown>
#20 0x561dfc55f834 <unknown>
#21 0x561dfc5261ef <unknown>
#22 0x561dfc583038 <unknown>
#23 0x561dfc583216 <unknown>
#24 0x561dfc593896 <unknown>
#25 0x7f3f212b01c4 <unknown>
",,,,,,
mydigipades.cc ,False,,"Both HTTPS and HTTP failed: Message: unknown error: net::ERR_NAME_NOT_RESOLVED
  (Session info: chrome=134.0.6998.88)
Stacktrace:
#0 0x561dfc594a1a <unknown>
#1 0x561dfc04c390 <unknown>
#2 0x561dfc043518 <unknown>
#3 0x561dfc033a39 <unknown>
#4 0x561dfc03573d <unknown>
#5 0x561dfc033dce <unknown>
#6 0x561dfc033775 <unknown>
#7 0x561dfc033449 <unknown>
#8 0x561dfc031159 <unknown>
#9 0x561dfc031a2a <unknown>
#10 0x561dfc04f829 <unknown>
#11 0x561dfc0ead85 <unknown>
#12 0x561dfc0c3bd2 <unknown>
#13 0x561dfc0ea07b <unknown>
#14 0x561dfc0c39a3 <unknown>
#15 0x561dfc08f60e <unknown>
#16 0x561dfc090dd1 <unknown>
#17 0x561dfc55addb <unknown>
#18 0x561dfc55ecbc <unknown>
#19 0x561dfc542392 <unknown>
#20 0x561dfc55f834 <unknown>
#21 0x561dfc5261ef <unknown>
#22 0x561dfc583038 <unknown>
#23 0x561dfc583216 <unknown>
#24 0x561dfc593896 <unknown>
#25 0x7f3f212b01c4 <unknown>
 | Message: unknown error: net::ERR_NAME_NOT_RESOLVED
  (Session info: chrome=134.0.6998.88)
Stacktrace:
#0 0x561dfc594a1a <unknown>
#1 0x561dfc04c390 <unknown>
#2 0x561dfc043518 <unknown>
#3 0x561dfc033a39 <unknown>
#4 0x561dfc03573d <unknown>
#5 0x561dfc033dce <unknown>
#6 0x561dfc033775 <unknown>
#7 0x561dfc033449 <unknown>
#8 0x561dfc031159 <unknown>
#9 0x561dfc031a2a <unknown>
#10 0x561dfc04f829 <unknown>
#11 0x561dfc0ead85 <unknown>
#12 0x561dfc0c3bd2 <unknown>
#13 0x561dfc0ea07b <unknown>
#14 0x561dfc0c39a3 <unknown>
#15 0x561dfc08f60e <unknown>
#16 0x561dfc090dd1 <unknown>
#17 0x561dfc55addb <unknown>
#18 0x561dfc55ecbc <unknown>
#19 0x561dfc542392 <unknown>
#20 0x561dfc55f834 <unknown>
#21 0x561dfc5261ef <unknown>
#22 0x561dfc583038 <unknown>
#23 0x561dfc583216 <unknown>
#24 0x561dfc593896 <unknown>
#25 0x7f3f212b01c4 <unknown>
",,,,,,
mydiqilqleu.cc ,False,,"Both HTTPS and HTTP failed: Message: unknown error: net::ERR_NAME_NOT_RESOLVED
  (Session info: chrome=134.0.6998.88)
Stacktrace:
#0 0x561dfc594a1a <unknown>
#1 0x561dfc04c390 <unknown>
#2 0x561dfc043518 <unknown>
#3 0x561dfc033a39 <unknown>
#4 0x561dfc03573d <unknown>
#5 0x561dfc033dce <unknown>
#6 0x561dfc033775 <unknown>
#7 0x561dfc033449 <unknown>
#8 0x561dfc031159 <unknown>
#9 0x561dfc031a2a <unknown>
#10 0x561dfc04f829 <unknown>
#11 0x561dfc0ead85 <unknown>
#12 0x561dfc0c3bd2 <unknown>
#13 0x561dfc0ea07b <unknown>
#14 0x561dfc0c39a3 <unknown>
#15 0x561dfc08f60e <unknown>
#16 0x561dfc090dd1 <unknown>
#17 0x561dfc55addb <unknown>
#18 0x561dfc55ecbc <unknown>
#19 0x561dfc542392 <unknown>
#20 0x561dfc55f834 <unknown>
#21 0x561dfc5261ef <unknown>
#22 0x561dfc583038 <unknown>
#23 0x561dfc583216 <unknown>
#24 0x561dfc593896 <unknown>
#25 0x7f3f212b01c4 <unknown>
 | Message: unknown error: net::ERR_NAME_NOT_RESOLVED
  (Session info: chrome=134.0.6998.88)
Stacktrace:
#0 0x561dfc594a1a <unknown>
#1 0x561dfc04c390 <unknown>
#2 0x561dfc043518 <unknown>
#3 0x561dfc033a39 <unknown>
#4 0x561dfc03573d <unknown>
#5 0x561dfc033dce <unknown>
#6 0x561dfc033775 <unknown>
#7 0x561dfc033449 <unknown>
#8 0x561dfc031159 <unknown>
#9 0x561dfc031a2a <unknown>
#10 0x561dfc04f829 <unknown>
#11 0x561dfc0ead85 <unknown>
#12 0x561dfc0c3bd2 <unknown>
#13 0x561dfc0ea07b <unknown>
#14 0x561dfc0c39a3 <unknown>
#15 0x561dfc08f60e <unknown>
#16 0x561dfc090dd1 <unknown>
#17 0x561dfc55addb <unknown>
#18 0x561dfc55ecbc <unknown>
#19 0x561dfc542392 <unknown>
#20 0x561dfc55f834 <unknown>
#21 0x561dfc5261ef <unknown>
#22 0x561dfc583038 <unknown>
#23 0x561dfc583216 <unknown>
#24 0x561dfc593896 <unknown>
#25 0x7f3f212b01c4 <unknown>
",,,,,,
amemanpocentury.cc ,True,https://amemanpocentury.cc/,,,,,,,
cmiautg.com ,True,https://curamedskm.com/#/,,,,,,,
luxorapua.cc ,True,https://luxorapla.cc/#/,,,,,,,
tenants.patch-aws-s53f-v202509-203-3.auth0app.com ,False,,"Both HTTPS and HTTP failed: Message: unknown error: net::ERR_NAME_NOT_RESOLVED
  (Session info: chrome=134.0.6998.88)
Stacktrace:
#0 0x561dfc594a1a <unknown>
#1 0x561dfc04c390 <unknown>
#2 0x561dfc043518 <unknown>
#3 0x561dfc033a39 <unknown>
#4 0x561dfc03573d <unknown>
#5 0x561dfc033dce <unknown>
#6 0x561dfc033775 <unknown>
#7 0x561dfc033449 <unknown>
#8 0x561dfc031159 <unknown>
#9 0x561dfc031a2a <unknown>
#10 0x561dfc04f829 <unknown>
#11 0x561dfc0ead85 <unknown>
#12 0x561dfc0c3bd2 <unknown>
#13 0x561dfc0ea07b <unknown>
#14 0x561dfc0c39a3 <unknown>
#15 0x561dfc08f60e <unknown>
#16 0x561dfc090dd1 <unknown>
#17 0x561dfc55addb <unknown>
#18 0x561dfc55ecbc <unknown>
#19 0x561dfc542392 <unknown>
#20 0x561dfc55f834 <unknown>
#21 0x561dfc5261ef <unknown>
#22 0x561dfc583038 <unknown>
#23 0x561dfc583216 <unknown>
#24 0x561dfc593896 <unknown>
#25 0x7f3f212b01c4 <unknown>
 | Message: unknown error: net::ERR_NAME_NOT_RESOLVED
  (Session info: chrome=134.0.6998.88)
Stacktrace:
#0 0x561dfc594a1a <unknown>
#1 0x561dfc04c390 <unknown>
#2 0x561dfc043518 <unknown>
#3 0x561dfc033a39 <unknown>
#4 0x561dfc03573d <unknown>
#5 0x561dfc033dce <unknown>
#6 0x561dfc033775 <unknown>
#7 0x561dfc033449 <unknown>
#8 0x561dfc031159 <unknown>
#9 0x561dfc031a2a <unknown>
#10 0x561dfc04f829 <unknown>
#11 0x561dfc0ead85 <unknown>
#12 0x561dfc0c3bd2 <unknown>
#13 0x561dfc0ea07b <unknown>
#14 0x561dfc0c39a3 <unknown>
#15 0x561dfc08f60e <unknown>
#16 0x561dfc090dd1 <unknown>
#17 0x561dfc55addb <unknown>
#18 0x561dfc55ecbc <unknown>
#19 0x561dfc542392 <unknown>
#20 0x561dfc55f834 <unknown>
#21 0x561dfc5261ef <unknown>
#22 0x561dfc583038 <unknown>
#23 0x561dfc583216 <unknown>
#24 0x561dfc593896 <unknown>
#25 0x7f3f212b01c4 <unknown>
",,,,,,
edge.tenants.patch-aws-s53f-v202509-203-3.auth0app.com ,False,,"Both HTTPS and HTTP failed: Message: unknown error: net::ERR_NAME_NOT_RESOLVED
  (Session info: chrome=134.0.6998.88)
Stacktrace:
#0 0x561dfc594a1a <unknown>
#1 0x561dfc04c390 <unknown>
#2 0x561dfc043518 <unknown>
#3 0x561dfc033a39 <unknown>
#4 0x561dfc03573d <unknown>
#5 0x561dfc033dce <unknown>
#6 0x561dfc033775 <unknown>
#7 0x561dfc033449 <unknown>
#8 0x561dfc031159 <unknown>
#9 0x561dfc031a2a <unknown>
#10 0x561dfc04f829 <unknown>
#11 0x561dfc0ead85 <unknown>
#12 0x561dfc0c3bd2 <unknown>
#13 0x561dfc0ea07b <unknown>
#14 0x561dfc0c39a3 <unknown>
#15 0x561dfc08f60e <unknown>
#16 0x561dfc090dd1 <unknown>
#17 0x561dfc55addb <unknown>
#18 0x561dfc55ecbc <unknown>
#19 0x561dfc542392 <unknown>
#20 0x561dfc55f834 <unknown>
#21 0x561dfc5261ef <unknown>
#22 0x561dfc583038 <unknown>
#23 0x561dfc583216 <unknown>
#24 0x561dfc593896 <unknown>
#25 0x7f3f212b01c4 <unknown>
 | Message: unknown error: net::ERR_NAME_NOT_RESOLVED
  (Session info: chrome=134.0.6998.88)
Stacktrace:
#0 0x561dfc594a1a <unknown>
#1 0x561dfc04c390 <unknown>
#2 0x561dfc043518 <unknown>
#3 0x561dfc033a39 <unknown>
#4 0x561dfc03573d <unknown>
#5 0x561dfc033dce <unknown>
#6 0x561dfc033775 <unknown>
#7 0x561dfc033449 <unknown>
#8 0x561dfc031159 <unknown>
#9 0x561dfc031a2a <unknown>
#10 0x561dfc04f829 <unknown>
#11 0x561dfc0ead85 <unknown>
#12 0x561dfc0c3bd2 <unknown>
#13 0x561dfc0ea07b <unknown>
#14 0x561dfc0c39a3 <unknown>
#15 0x561dfc08f60e <unknown>
#16 0x561dfc090dd1 <unknown>
#17 0x561dfc55addb <unknown>
#18 0x561dfc55ecbc <unknown>
#19 0x561dfc542392 <unknown>
#20 0x561dfc55f834 <unknown>
#21 0x561dfc5261ef <unknown>
#22 0x561dfc583038 <unknown>
#23 0x561dfc583216 <unknown>
#24 0x561dfc593896 <unknown>
#25 0x7f3f212b01c4 <unknown>
",,,,,,
wt.patch-aws-s53f-v202509-203-3.auth0app.com ,False,,"Both HTTPS and HTTP failed: Message: unknown error: net::ERR_NAME_NOT_RESOLVED
  (Session info: chrome=134.0.6998.88)
Stacktrace:
#0 0x561dfc594a1a <unknown>
#1 0x561dfc04c390 <unknown>
#2 0x561dfc043518 <unknown>
#3 0x561dfc033a39 <unknown>
#4 0x561dfc03573d <unknown>
#5 0x561dfc033dce <unknown>
#6 0x561dfc033775 <unknown>
#7 0x561dfc033449 <unknown>
#8 0x561dfc031159 <unknown>
#9 0x561dfc031a2a <unknown>
#10 0x561dfc04f829 <unknown>
#11 0x561dfc0ead85 <unknown>
#12 0x561dfc0c3bd2 <unknown>
#13 0x561dfc0ea07b <unknown>
#14 0x561dfc0c39a3 <unknown>
#15 0x561dfc08f60e <unknown>
#16 0x561dfc090dd1 <unknown>
#17 0x561dfc55addb <unknown>
#18 0x561dfc55ecbc <unknown>
#19 0x561dfc542392 <unknown>
#20 0x561dfc55f834 <unknown>
#21 0x561dfc5261ef <unknown>
#22 0x561dfc583038 <unknown>
#23 0x561dfc583216 <unknown>
#24 0x561dfc593896 <unknown>
#25 0x7f3f212b01c4 <unknown>
 | Message: unknown error: net::ERR_NAME_NOT_RESOLVED
  (Session info: chrome=134.0.6998.88)
Stacktrace:
#0 0x561dfc594a1a <unknown>
#1 0x561dfc04c390 <unknown>
#2 0x561dfc043518 <unknown>
#3 0x561dfc033a39 <unknown>
#4 0x561dfc03573d <unknown>
#5 0x561dfc033dce <unknown>
#6 0x561dfc033775 <unknown>
#7 0x561dfc033449 <unknown>
#8 0x561dfc031159 <unknown>
#9 0x561dfc031a2a <unknown>
#10 0x561dfc04f829 <unknown>
#11 0x561dfc0ead85 <unknown>
#12 0x561dfc0c3bd2 <unknown>
#13 0x561dfc0ea07b <unknown>
#14 0x561dfc0c39a3 <unknown>
#15 0x561dfc08f60e <unknown>
#16 0x561dfc090dd1 <unknown>
#17 0x561dfc55addb <unknown>
#18 0x561dfc55ecbc <unknown>
#19 0x561dfc542392 <unknown>
#20 0x561dfc55f834 <unknown>
#21 0x561dfc5261ef <unknown>
#22 0x561dfc583038 <unknown>
#23 0x561dfc583216 <unknown>
#24 0x561dfc593896 <unknown>
#25 0x7f3f212b01c4 <unknown>
",,,,,,
galaxydo2x.cc ,False,,"Both HTTPS and HTTP failed: Message: unknown error: net::ERR_SSL_VERSION_OR_CIPHER_MISMATCH
  (Session info: chrome=134.0.6998.88)
Stacktrace:
#0 0x561dfc594a1a <unknown>
#1 0x561dfc04c390 <unknown>
#2 0x561dfc043518 <unknown>
#3 0x561dfc033a39 <unknown>
#4 0x561dfc03573d <unknown>
#5 0x561dfc033dce <unknown>
#6 0x561dfc033775 <unknown>
#7 0x561dfc033449 <unknown>
#8 0x561dfc031159 <unknown>
#9 0x561dfc031a2a <unknown>
#10 0x561dfc04f829 <unknown>
#11 0x561dfc0ead85 <unknown>
#12 0x561dfc0c3bd2 <unknown>
#13 0x561dfc0ea07b <unknown>
#14 0x561dfc0c39a3 <unknown>
#15 0x561dfc08f60e <unknown>
#16 0x561dfc090dd1 <unknown>
#17 0x561dfc55addb <unknown>
#18 0x561dfc55ecbc <unknown>
#19 0x561dfc542392 <unknown>
#20 0x561dfc55f834 <unknown>
#21 0x561dfc5261ef <unknown>
#22 0x561dfc583038 <unknown>
#23 0x561dfc583216 <unknown>
#24 0x561dfc593896 <unknown>
#25 0x7f3f212b01c4 <unknown>
 | Message: unknown error: net::ERR_SSL_VERSION_OR_CIPHER_MISMATCH
  (Session info: chrome=134.0.6998.88)
Stacktrace:
#0 0x561dfc594a1a <unknown>
#1 0x561dfc04c390 <unknown>
#2 0x561dfc043518 <unknown>
#3 0x561dfc033a39 <unknown>
#4 0x561dfc03573d <unknown>
#5 0x561dfc033dce <unknown>
#6 0x561dfc033775 <unknown>
#7 0x561dfc033449 <unknown>
#8 0x561dfc031159 <unknown>
#9 0x561dfc031a2a <unknown>
#10 0x561dfc04f829 <unknown>
#11 0x561dfc0ead85 <unknown>
#12 0x561dfc0c3bd2 <unknown>
#13 0x561dfc0ea07b <unknown>
#14 0x561dfc0c39a3 <unknown>
#15 0x561dfc08f60e <unknown>
#16 0x561dfc090dd1 <unknown>
#17 0x561dfc55addb <unknown>
#18 0x561dfc55ecbc <unknown>
#19 0x561dfc542392 <unknown>
#20 0x561dfc55f834 <unknown>
#21 0x561dfc5261ef <unknown>
#22 0x561dfc583038 <unknown>
#23 0x561dfc583216 <unknown>
#24 0x561dfc593896 <unknown>
#25 0x7f3f212b01c4 <unknown>
",,,,,,
galaxydxa.cc ,True,http://galaxydxa.cc/,,Cloudflare,,,,,
galaxydigitalshaw.cc ,True,http://galaxydigitalshaw.cc/,,Cloudflare,,,,,
k2xi2.cc ,True,https://newworldalw.cc/#/login,,,,,,,
selleojnw.cc ,True,https://selleohexa.cc/#/,,,,,,,
selleoopx.cc ,True,https://selleojnw.cc/#/login,,,,,,,
jordandmkwx.cc ,False,,"Both HTTPS and HTTP failed: Message: unknown error: net::ERR_NAME_NOT_RESOLVED
  (Session info: chrome=134.0.6998.88)
Stacktrace:
#0 0x561dfc594a1a <unknown>
#1 0x561dfc04c390 <unknown>
#2 0x561dfc043518 <unknown>
#3 0x561dfc033a39 <unknown>
#4 0x561dfc03573d <unknown>
#5 0x561dfc033dce <unknown>
#6 0x561dfc033775 <unknown>
#7 0x561dfc033449 <unknown>
#8 0x561dfc031159 <unknown>
#9 0x561dfc031a2a <unknown>
#10 0x561dfc04f829 <unknown>
#11 0x561dfc0ead85 <unknown>
#12 0x561dfc0c3bd2 <unknown>
#13 0x561dfc0ea07b <unknown>
#14 0x561dfc0c39a3 <unknown>
#15 0x561dfc08f60e <unknown>
#16 0x561dfc090dd1 <unknown>
#17 0x561dfc55addb <unknown>
#18 0x561dfc55ecbc <unknown>
#19 0x561dfc542392 <unknown>
#20 0x561dfc55f834 <unknown>
#21 0x561dfc5261ef <unknown>
#22 0x561dfc583038 <unknown>
#23 0x561dfc583216 <unknown>
#24 0x561dfc593896 <unknown>
#25 0x7f3f212b01c4 <unknown>
 | Message: unknown error: net::ERR_NAME_NOT_RESOLVED
  (Session info: chrome=134.0.6998.88)
Stacktrace:
#0 0x561dfc594a1a <unknown>
#1 0x561dfc04c390 <unknown>
#2 0x561dfc043518 <unknown>
#3 0x561dfc033a39 <unknown>
#4 0x561dfc03573d <unknown>
#5 0x561dfc033dce <unknown>
#6 0x561dfc033775 <unknown>
#7 0x561dfc033449 <unknown>
#8 0x561dfc031159 <unknown>
#9 0x561dfc031a2a <unknown>
#10 0x561dfc04f829 <unknown>
#11 0x561dfc0ead85 <unknown>
#12 0x561dfc0c3bd2 <unknown>
#13 0x561dfc0ea07b <unknown>
#14 0x561dfc0c39a3 <unknown>
#15 0x561dfc08f60e <unknown>
#16 0x561dfc090dd1 <unknown>
#17 0x561dfc55addb <unknown>
#18 0x561dfc55ecbc <unknown>
#19 0x561dfc542392 <unknown>
#20 0x561dfc55f834 <unknown>
#21 0x561dfc5261ef <unknown>
#22 0x561dfc583038 <unknown>
#23 0x561dfc583216 <unknown>
#24 0x561dfc593896 <unknown>
#25 0x7f3f212b01c4 <unknown>
",,,,,,
hknewworld.cc ,True,https://newworldalw.cc/#/login,,,,,,,
viplnsxwtlandxx.cc ,True,https://ihuouqzzw.cc/#/login,,,,,,,
jordandmhex.cc ,False,,"Both HTTPS and HTTP failed: Message: unknown error: net::ERR_NAME_NOT_RESOLVED
  (Session info: chrome=134.0.6998.88)
Stacktrace:
#0 0x561dfc594a1a <unknown>
#1 0x561dfc04c390 <unknown>
#2 0x561dfc043518 <unknown>
#3 0x561dfc033a39 <unknown>
#4 0x561dfc03573d <unknown>
#5 0x561dfc033dce <unknown>
#6 0x561dfc033775 <unknown>
#7 0x561dfc033449 <unknown>
#8 0x561dfc031159 <unknown>
#9 0x561dfc031a2a <unknown>
#10 0x561dfc04f829 <unknown>
#11 0x561dfc0ead85 <unknown>
#12 0x561dfc0c3bd2 <unknown>
#13 0x561dfc0ea07b <unknown>
#14 0x561dfc0c39a3 <unknown>
#15 0x561dfc08f60e <unknown>
#16 0x561dfc090dd1 <unknown>
#17 0x561dfc55addb <unknown>
#18 0x561dfc55ecbc <unknown>
#19 0x561dfc542392 <unknown>
#20 0x561dfc55f834 <unknown>
#21 0x561dfc5261ef <unknown>
#22 0x561dfc583038 <unknown>
#23 0x561dfc583216 <unknown>
#24 0x561dfc593896 <unknown>
#25 0x7f3f212b01c4 <unknown>
 | Message: unknown error: net::ERR_NAME_NOT_RESOLVED
  (Session info: chrome=134.0.6998.88)
Stacktrace:
#0 0x561dfc594a1a <unknown>
#1 0x561dfc04c390 <unknown>
#2 0x561dfc043518 <unknown>
#3 0x561dfc033a39 <unknown>
#4 0x561dfc03573d <unknown>
#5 0x561dfc033dce <unknown>
#6 0x561dfc033775 <unknown>
#7 0x561dfc033449 <unknown>
#8 0x561dfc031159 <unknown>
#9 0x561dfc031a2a <unknown>
#10 0x561dfc04f829 <unknown>
#11 0x561dfc0ead85 <unknown>
#12 0x561dfc0c3bd2 <unknown>
#13 0x561dfc0ea07b <unknown>
#14 0x561dfc0c39a3 <unknown>
#15 0x561dfc08f60e <unknown>
#16 0x561dfc090dd1 <unknown>
#17 0x561dfc55addb <unknown>
#18 0x561dfc55ecbc <unknown>
#19 0x561dfc542392 <unknown>
#20 0x561dfc55f834 <unknown>
#21 0x561dfc5261ef <unknown>
#22 0x561dfc583038 <unknown>
#23 0x561dfc583216 <unknown>
#24 0x561dfc593896 <unknown>
#25 0x7f3f212b01c4 <unknown>
",,,,,,
fatjoexk2.cc ,False,,"Both HTTPS and HTTP failed: Message: unknown error: net::ERR_NAME_NOT_RESOLVED
  (Session info: chrome=134.0.6998.88)
Stacktrace:
#0 0x561dfc594a1a <unknown>
#1 0x561dfc04c390 <unknown>
#2 0x561dfc043518 <unknown>
#3 0x561dfc033a39 <unknown>
#4 0x561dfc03573d <unknown>
#5 0x561dfc033dce <unknown>
#6 0x561dfc033775 <unknown>
#7 0x561dfc033449 <unknown>
#8 0x561dfc031159 <unknown>
#9 0x561dfc031a2a <unknown>
#10 0x561dfc04f829 <unknown>
#11 0x561dfc0ead85 <unknown>
#12 0x561dfc0c3bd2 <unknown>
#13 0x561dfc0ea07b <unknown>
#14 0x561dfc0c39a3 <unknown>
#15 0x561dfc08f60e <unknown>
#16 0x561dfc090dd1 <unknown>
#17 0x561dfc55addb <unknown>
#18 0x561dfc55ecbc <unknown>
#19 0x561dfc542392 <unknown>
#20 0x561dfc55f834 <unknown>
#21 0x561dfc5261ef <unknown>
#22 0x561dfc583038 <unknown>
#23 0x561dfc583216 <unknown>
#24 0x561dfc593896 <unknown>
#25 0x7f3f212b01c4 <unknown>
 | Message: unknown error: net::ERR_NAME_NOT_RESOLVED
  (Session info: chrome=134.0.6998.88)
Stacktrace:
#0 0x561dfc594a1a <unknown>
#1 0x561dfc04c390 <unknown>
#2 0x561dfc043518 <unknown>
#3 0x561dfc033a39 <unknown>
#4 0x561dfc03573d <unknown>
#5 0x561dfc033dce <unknown>
#6 0x561dfc033775 <unknown>
#7 0x561dfc033449 <unknown>
#8 0x561dfc031159 <unknown>
#9 0x561dfc031a2a <unknown>
#10 0x561dfc04f829 <unknown>
#11 0x561dfc0ead85 <unknown>
#12 0x561dfc0c3bd2 <unknown>
#13 0x561dfc0ea07b <unknown>
#14 0x561dfc0c39a3 <unknown>
#15 0x561dfc08f60e <unknown>
#16 0x561dfc090dd1 <unknown>
#17 0x561dfc55addb <unknown>
#18 0x561dfc55ecbc <unknown>
#19 0x561dfc542392 <unknown>
#20 0x561dfc55f834 <unknown>
#21 0x561dfc5261ef <unknown>
#22 0x561dfc583038 <unknown>
#23 0x561dfc583216 <unknown>
#24 0x561dfc593896 <unknown>
#25 0x7f3f212b01c4 <unknown>
",,,,,,
parliandigitxlwz.com ,False,,"Both HTTPS and HTTP failed: Message: unknown error: net::ERR_NAME_NOT_RESOLVED
  (Session info: chrome=134.0.6998.88)
Stacktrace:
#0 0x561dfc594a1a <unknown>
#1 0x561dfc04c390 <unknown>
#2 0x561dfc043518 <unknown>
#3 0x561dfc033a39 <unknown>
#4 0x561dfc03573d <unknown>
#5 0x561dfc033dce <unknown>
#6 0x561dfc033775 <unknown>
#7 0x561dfc033449 <unknown>
#8 0x561dfc031159 <unknown>
#9 0x561dfc031a2a <unknown>
#10 0x561dfc04f829 <unknown>
#11 0x561dfc0ead85 <unknown>
#12 0x561dfc0c3bd2 <unknown>
#13 0x561dfc0ea07b <unknown>
#14 0x561dfc0c39a3 <unknown>
#15 0x561dfc08f60e <unknown>
#16 0x561dfc090dd1 <unknown>
#17 0x561dfc55addb <unknown>
#18 0x561dfc55ecbc <unknown>
#19 0x561dfc542392 <unknown>
#20 0x561dfc55f834 <unknown>
#21 0x561dfc5261ef <unknown>
#22 0x561dfc583038 <unknown>
#23 0x561dfc583216 <unknown>
#24 0x561dfc593896 <unknown>
#25 0x7f3f212b01c4 <unknown>
 | Message: unknown error: net::ERR_NAME_NOT_RESOLVED
  (Session info: chrome=134.0.6998.88)
Stacktrace:
#0 0x561dfc594a1a <unknown>
#1 0x561dfc04c390 <unknown>
#2 0x561dfc043518 <unknown>
#3 0x561dfc033a39 <unknown>
#4 0x561dfc03573d <unknown>
#5 0x561dfc033dce <unknown>
#6 0x561dfc033775 <unknown>
#7 0x561dfc033449 <unknown>
#8 0x561dfc031159 <unknown>
#9 0x561dfc031a2a <unknown>
#10 0x561dfc04f829 <unknown>
#11 0x561dfc0ead85 <unknown>
#12 0x561dfc0c3bd2 <unknown>
#13 0x561dfc0ea07b <unknown>
#14 0x561dfc0c39a3 <unknown>
#15 0x561dfc08f60e <unknown>
#16 0x561dfc090dd1 <unknown>
#17 0x561dfc55addb <unknown>
#18 0x561dfc55ecbc <unknown>
#19 0x561dfc542392 <unknown>
#20 0x561dfc55f834 <unknown>
#21 0x561dfc5261ef <unknown>
#22 0x561dfc583038 <unknown>
#23 0x561dfc583216 <unknown>
#24 0x561dfc593896 <unknown>
#25 0x7f3f212b01c4 <unknown>
",,,,,,
parliandigikwxps.cc ,False,,"Both HTTPS and HTTP failed: Message: unknown error: net::ERR_NAME_NOT_RESOLVED
  (Session info: chrome=134.0.6998.88)
Stacktrace:
#0 0x561dfc594a1a <unknown>
#1 0x561dfc04c390 <unknown>
#2 0x561dfc043518 <unknown>
#3 0x561dfc033a39 <unknown>
#4 0x561dfc03573d <unknown>
#5 0x561dfc033dce <unknown>
#6 0x561dfc033775 <unknown>
#7 0x561dfc033449 <unknown>
#8 0x561dfc031159 <unknown>
#9 0x561dfc031a2a <unknown>
#10 0x561dfc04f829 <unknown>
#11 0x561dfc0ead85 <unknown>
#12 0x561dfc0c3bd2 <unknown>
#13 0x561dfc0ea07b <unknown>
#14 0x561dfc0c39a3 <unknown>
#15 0x561dfc08f60e <unknown>
#16 0x561dfc090dd1 <unknown>
#17 0x561dfc55addb <unknown>
#18 0x561dfc55ecbc <unknown>
#19 0x561dfc542392 <unknown>
#20 0x561dfc55f834 <unknown>
#21 0x561dfc5261ef <unknown>
#22 0x561dfc583038 <unknown>
#23 0x561dfc583216 <unknown>
#24 0x561dfc593896 <unknown>
#25 0x7f3f212b01c4 <unknown>
 | Message: unknown error: net::ERR_NAME_NOT_RESOLVED
  (Session info: chrome=134.0.6998.88)
Stacktrace:
#0 0x561dfc594a1a <unknown>
#1 0x561dfc04c390 <unknown>
#2 0x561dfc043518 <unknown>
#3 0x561dfc033a39 <unknown>
#4 0x561dfc03573d <unknown>
#5 0x561dfc033dce <unknown>
#6 0x561dfc033775 <unknown>
#7 0x561dfc033449 <unknown>
#8 0x561dfc031159 <unknown>
#9 0x561dfc031a2a <unknown>
#10 0x561dfc04f829 <unknown>
#11 0x561dfc0ead85 <unknown>
#12 0x561dfc0c3bd2 <unknown>
#13 0x561dfc0ea07b <unknown>
#14 0x561dfc0c39a3 <unknown>
#15 0x561dfc08f60e <unknown>
#16 0x561dfc090dd1 <unknown>
#17 0x561dfc55addb <unknown>
#18 0x561dfc55ecbc <unknown>
#19 0x561dfc542392 <unknown>
#20 0x561dfc55f834 <unknown>
#21 0x561dfc5261ef <unknown>
#22 0x561dfc583038 <unknown>
#23 0x561dfc583216 <unknown>
#24 0x561dfc593896 <unknown>
#25 0x7f3f212b01c4 <unknown>
",,,,,,
cmgautg.com ,True,https://curamedskm.com/#/,,,,,,,
fatjoewox.cc ,True,https://fatjoecp.com/#/,,,,,,,
synmekjaxwx.cc ,False,,"Both HTTPS and HTTP failed: Message: unknown error: net::ERR_SSL_VERSION_OR_CIPHER_MISMATCH
  (Session info: chrome=134.0.6998.88)
Stacktrace:
#0 0x561dfc594a1a <unknown>
#1 0x561dfc04c390 <unknown>
#2 0x561dfc043518 <unknown>
#3 0x561dfc033a39 <unknown>
#4 0x561dfc03573d <unknown>
#5 0x561dfc033dce <unknown>
#6 0x561dfc033775 <unknown>
#7 0x561dfc033449 <unknown>
#8 0x561dfc031159 <unknown>
#9 0x561dfc031a2a <unknown>
#10 0x561dfc04f829 <unknown>
#11 0x561dfc0ead85 <unknown>
#12 0x561dfc0c3bd2 <unknown>
#13 0x561dfc0ea07b <unknown>
#14 0x561dfc0c39a3 <unknown>
#15 0x561dfc08f60e <unknown>
#16 0x561dfc090dd1 <unknown>
#17 0x561dfc55addb <unknown>
#18 0x561dfc55ecbc <unknown>
#19 0x561dfc542392 <unknown>
#20 0x561dfc55f834 <unknown>
#21 0x561dfc5261ef <unknown>
#22 0x561dfc583038 <unknown>
#23 0x561dfc583216 <unknown>
#24 0x561dfc593896 <unknown>
#25 0x7f3f212b01c4 <unknown>
 | Message: unknown error: net::ERR_SSL_VERSION_OR_CIPHER_MISMATCH
  (Session info: chrome=134.0.6998.88)
Stacktrace:
#0 0x561dfc594a1a <unknown>
#1 0x561dfc04c390 <unknown>
#2 0x561dfc043518 <unknown>
#3 0x561dfc033a39 <unknown>
#4 0x561dfc03573d <unknown>
#5 0x561dfc033dce <unknown>
#6 0x561dfc033775 <unknown>
#7 0x561dfc033449 <unknown>
#8 0x561dfc031159 <unknown>
#9 0x561dfc031a2a <unknown>
#10 0x561dfc04f829 <unknown>
#11 0x561dfc0ead85 <unknown>
#12 0x561dfc0c3bd2 <unknown>
#13 0x561dfc0ea07b <unknown>
#14 0x561dfc0c39a3 <unknown>
#15 0x561dfc08f60e <unknown>
#16 0x561dfc090dd1 <unknown>
#17 0x561dfc55addb <unknown>
#18 0x561dfc55ecbc <unknown>
#19 0x561dfc542392 <unknown>
#20 0x561dfc55f834 <unknown>
#21 0x561dfc5261ef <unknown>
#22 0x561dfc583038 <unknown>
#23 0x561dfc583216 <unknown>
#24 0x561dfc593896 <unknown>
#25 0x7f3f212b01c4 <unknown>
",,,,,,
synmeklaole.cc ,True,http://synmeklaole.cc/,,Cloudflare,,,,,
gaioydigital.cc ,False,,"Both HTTPS and HTTP failed: Message: unknown error: net::ERR_SSL_VERSION_OR_CIPHER_MISMATCH
  (Session info: chrome=134.0.6998.88)
Stacktrace:
#0 0x561dfc594a1a <unknown>
#1 0x561dfc04c390 <unknown>
#2 0x561dfc043518 <unknown>
#3 0x561dfc033a39 <unknown>
#4 0x561dfc03573d <unknown>
#5 0x561dfc033dce <unknown>
#6 0x561dfc033775 <unknown>
#7 0x561dfc033449 <unknown>
#8 0x561dfc031159 <unknown>
#9 0x561dfc031a2a <unknown>
#10 0x561dfc04f829 <unknown>
#11 0x561dfc0ead85 <unknown>
#12 0x561dfc0c3bd2 <unknown>
#13 0x561dfc0ea07b <unknown>
#14 0x561dfc0c39a3 <unknown>
#15 0x561dfc08f60e <unknown>
#16 0x561dfc090dd1 <unknown>
#17 0x561dfc55addb <unknown>
#18 0x561dfc55ecbc <unknown>
#19 0x561dfc542392 <unknown>
#20 0x561dfc55f834 <unknown>
#21 0x561dfc5261ef <unknown>
#22 0x561dfc583038 <unknown>
#23 0x561dfc583216 <unknown>
#24 0x561dfc593896 <unknown>
#25 0x7f3f212b01c4 <unknown>
 | Message: unknown error: net::ERR_SSL_VERSION_OR_CIPHER_MISMATCH
  (Session info: chrome=134.0.6998.88)
Stacktrace:
#0 0x561dfc594a1a <unknown>
#1 0x561dfc04c390 <unknown>
#2 0x561dfc043518 <unknown>
#3 0x561dfc033a39 <unknown>
#4 0x561dfc03573d <unknown>
#5 0x561dfc033dce <unknown>
#6 0x561dfc033775 <unknown>
#7 0x561dfc033449 <unknown>
#8 0x561dfc031159 <unknown>
#9 0x561dfc031a2a <unknown>
#10 0x561dfc04f829 <unknown>
#11 0x561dfc0ead85 <unknown>
#12 0x561dfc0c3bd2 <unknown>
#13 0x561dfc0ea07b <unknown>
#14 0x561dfc0c39a3 <unknown>
#15 0x561dfc08f60e <unknown>
#16 0x561dfc090dd1 <unknown>
#17 0x561dfc55addb <unknown>
#18 0x561dfc55ecbc <unknown>
#19 0x561dfc542392 <unknown>
#20 0x561dfc55f834 <unknown>
#21 0x561dfc5261ef <unknown>
#22 0x561dfc583038 <unknown>
#23 0x561dfc583216 <unknown>
#24 0x561dfc593896 <unknown>
#25 0x7f3f212b01c4 <unknown>
",,,,,,
galaxoydigop.net ,False,,"Both HTTPS and HTTP failed: Message: unknown error: net::ERR_SSL_VERSION_OR_CIPHER_MISMATCH
  (Session info: chrome=134.0.6998.88)
Stacktrace:
#0 0x561dfc594a1a <unknown>
#1 0x561dfc04c390 <unknown>
#2 0x561dfc043518 <unknown>
#3 0x561dfc033a39 <unknown>
#4 0x561dfc03573d <unknown>
#5 0x561dfc033dce <unknown>
#6 0x561dfc033775 <unknown>
#7 0x561dfc033449 <unknown>
#8 0x561dfc031159 <unknown>
#9 0x561dfc031a2a <unknown>
#10 0x561dfc04f829 <unknown>
#11 0x561dfc0ead85 <unknown>
#12 0x561dfc0c3bd2 <unknown>
#13 0x561dfc0ea07b <unknown>
#14 0x561dfc0c39a3 <unknown>
#15 0x561dfc08f60e <unknown>
#16 0x561dfc090dd1 <unknown>
#17 0x561dfc55addb <unknown>
#18 0x561dfc55ecbc <unknown>
#19 0x561dfc542392 <unknown>
#20 0x561dfc55f834 <unknown>
#21 0x561dfc5261ef <unknown>
#22 0x561dfc583038 <unknown>
#23 0x561dfc583216 <unknown>
#24 0x561dfc593896 <unknown>
#25 0x7f3f212b01c4 <unknown>
 | Message: unknown error: net::ERR_SSL_VERSION_OR_CIPHER_MISMATCH
  (Session info: chrome=134.0.6998.88)
Stacktrace:
#0 0x561dfc594a1a <unknown>
#1 0x561dfc04c390 <unknown>
#2 0x561dfc043518 <unknown>
#3 0x561dfc033a39 <unknown>
#4 0x561dfc03573d <unknown>
#5 0x561dfc033dce <unknown>
#6 0x561dfc033775 <unknown>
#7 0x561dfc033449 <unknown>
#8 0x561dfc031159 <unknown>
#9 0x561dfc031a2a <unknown>
#10 0x561dfc04f829 <unknown>
#11 0x561dfc0ead85 <unknown>
#12 0x561dfc0c3bd2 <unknown>
#13 0x561dfc0ea07b <unknown>
#14 0x561dfc0c39a3 <unknown>
#15 0x561dfc08f60e <unknown>
#16 0x561dfc090dd1 <unknown>
#17 0x561dfc55addb <unknown>
#18 0x561dfc55ecbc <unknown>
#19 0x561dfc542392 <unknown>
#20 0x561dfc55f834 <unknown>
#21 0x561dfc5261ef <unknown>
#22 0x561dfc583038 <unknown>
#23 0x561dfc583216 <unknown>
#24 0x561dfc593896 <unknown>
#25 0x7f3f212b01c4 <unknown>
",,,,,,
gaxlydigital.cc ,False,,"Both HTTPS and HTTP failed: Message: unknown error: net::ERR_SSL_VERSION_OR_CIPHER_MISMATCH
  (Session info: chrome=134.0.6998.88)
Stacktrace:
#0 0x561dfc594a1a <unknown>
#1 0x561dfc04c390 <unknown>
#2 0x561dfc043518 <unknown>
#3 0x561dfc033a39 <unknown>
#4 0x561dfc03573d <unknown>
#5 0x561dfc033dce <unknown>
#6 0x561dfc033775 <unknown>
#7 0x561dfc033449 <unknown>
#8 0x561dfc031159 <unknown>
#9 0x561dfc031a2a <unknown>
#10 0x561dfc04f829 <unknown>
#11 0x561dfc0ead85 <unknown>
#12 0x561dfc0c3bd2 <unknown>
#13 0x561dfc0ea07b <unknown>
#14 0x561dfc0c39a3 <unknown>
#15 0x561dfc08f60e <unknown>
#16 0x561dfc090dd1 <unknown>
#17 0x561dfc55addb <unknown>
#18 0x561dfc55ecbc <unknown>
#19 0x561dfc542392 <unknown>
#20 0x561dfc55f834 <unknown>
#21 0x561dfc5261ef <unknown>
#22 0x561dfc583038 <unknown>
#23 0x561dfc583216 <unknown>
#24 0x561dfc593896 <unknown>
#25 0x7f3f212b01c4 <unknown>
 | Message: unknown error: net::ERR_SSL_VERSION_OR_CIPHER_MISMATCH
  (Session info: chrome=134.0.6998.88)
Stacktrace:
#0 0x561dfc594a1a <unknown>
#1 0x561dfc04c390 <unknown>
#2 0x561dfc043518 <unknown>
#3 0x561dfc033a39 <unknown>
#4 0x561dfc03573d <unknown>
#5 0x561dfc033dce <unknown>
#6 0x561dfc033775 <unknown>
#7 0x561dfc033449 <unknown>
#8 0x561dfc031159 <unknown>
#9 0x561dfc031a2a <unknown>
#10 0x561dfc04f829 <unknown>
#11 0x561dfc0ead85 <unknown>
#12 0x561dfc0c3bd2 <unknown>
#13 0x561dfc0ea07b <unknown>
#14 0x561dfc0c39a3 <unknown>
#15 0x561dfc08f60e <unknown>
#16 0x561dfc090dd1 <unknown>
#17 0x561dfc55addb <unknown>
#18 0x561dfc55ecbc <unknown>
#19 0x561dfc542392 <unknown>
#20 0x561dfc55f834 <unknown>
#21 0x561dfc5261ef <unknown>
#22 0x561dfc583038 <unknown>
#23 0x561dfc583216 <unknown>
#24 0x561dfc593896 <unknown>
#25 0x7f3f212b01c4 <unknown>
",,,,,,
digitalmyuea.cc ,False,,"Both HTTPS and HTTP failed: Message: unknown error: net::ERR_NAME_NOT_RESOLVED
  (Session info: chrome=134.0.6998.88)
Stacktrace:
#0 0x561dfc594a1a <unknown>
#1 0x561dfc04c390 <unknown>
#2 0x561dfc043518 <unknown>
#3 0x561dfc033a39 <unknown>
#4 0x561dfc03573d <unknown>
#5 0x561dfc033dce <unknown>
#6 0x561dfc033775 <unknown>
#7 0x561dfc033449 <unknown>
#8 0x561dfc031159 <unknown>
#9 0x561dfc031a2a <unknown>
#10 0x561dfc04f829 <unknown>
#11 0x561dfc0ead85 <unknown>
#12 0x561dfc0c3bd2 <unknown>
#13 0x561dfc0ea07b <unknown>
#14 0x561dfc0c39a3 <unknown>
#15 0x561dfc08f60e <unknown>
#16 0x561dfc090dd1 <unknown>
#17 0x561dfc55addb <unknown>
#18 0x561dfc55ecbc <unknown>
#19 0x561dfc542392 <unknown>
#20 0x561dfc55f834 <unknown>
#21 0x561dfc5261ef <unknown>
#22 0x561dfc583038 <unknown>
#23 0x561dfc583216 <unknown>
#24 0x561dfc593896 <unknown>
#25 0x7f3f212b01c4 <unknown>
 | Message: unknown error: net::ERR_NAME_NOT_RESOLVED
  (Session info: chrome=134.0.6998.88)
Stacktrace:
#0 0x561dfc594a1a <unknown>
#1 0x561dfc04c390 <unknown>
#2 0x561dfc043518 <unknown>
#3 0x561dfc033a39 <unknown>
#4 0x561dfc03573d <unknown>
#5 0x561dfc033dce <unknown>
#6 0x561dfc033775 <unknown>
#7 0x561dfc033449 <unknown>
#8 0x561dfc031159 <unknown>
#9 0x561dfc031a2a <unknown>
#10 0x561dfc04f829 <unknown>
#11 0x561dfc0ead85 <unknown>
#12 0x561dfc0c3bd2 <unknown>
#13 0x561dfc0ea07b <unknown>
#14 0x561dfc0c39a3 <unknown>
#15 0x561dfc08f60e <unknown>
#16 0x561dfc090dd1 <unknown>
#17 0x561dfc55addb <unknown>
#18 0x561dfc55ecbc <unknown>
#19 0x561dfc542392 <unknown>
#20 0x561dfc55f834 <unknown>
#21 0x561dfc5261ef <unknown>
#22 0x561dfc583038 <unknown>
#23 0x561dfc583216 <unknown>
#24 0x561dfc593896 <unknown>
#25 0x7f3f212b01c4 <unknown>
",,,,,,
parilondigitaljasd.com ,False,,"Both HTTPS and HTTP failed: Message: unknown error: net::ERR_NAME_NOT_RESOLVED
  (Session info: chrome=134.0.6998.88)
Stacktrace:
#0 0x561dfc594a1a <unknown>
#1 0x561dfc04c390 <unknown>
#2 0x561dfc043518 <unknown>
#3 0x561dfc033a39 <unknown>
#4 0x561dfc03573d <unknown>
#5 0x561dfc033dce <unknown>
#6 0x561dfc033775 <unknown>
#7 0x561dfc033449 <unknown>
#8 0x561dfc031159 <unknown>
#9 0x561dfc031a2a <unknown>
#10 0x561dfc04f829 <unknown>
#11 0x561dfc0ead85 <unknown>
#12 0x561dfc0c3bd2 <unknown>
#13 0x561dfc0ea07b <unknown>
#14 0x561dfc0c39a3 <unknown>
#15 0x561dfc08f60e <unknown>
#16 0x561dfc090dd1 <unknown>
#17 0x561dfc55addb <unknown>
#18 0x561dfc55ecbc <unknown>
#19 0x561dfc542392 <unknown>
#20 0x561dfc55f834 <unknown>
#21 0x561dfc5261ef <unknown>
#22 0x561dfc583038 <unknown>
#23 0x561dfc583216 <unknown>
#24 0x561dfc593896 <unknown>
#25 0x7f3f212b01c4 <unknown>
 | Message: unknown error: net::ERR_NAME_NOT_RESOLVED
  (Session info: chrome=134.0.6998.88)
Stacktrace:
#0 0x561dfc594a1a <unknown>
#1 0x561dfc04c390 <unknown>
#2 0x561dfc043518 <unknown>
#3 0x561dfc033a39 <unknown>
#4 0x561dfc03573d <unknown>
#5 0x561dfc033dce <unknown>
#6 0x561dfc033775 <unknown>
#7 0x561dfc033449 <unknown>
#8 0x561dfc031159 <unknown>
#9 0x561dfc031a2a <unknown>
#10 0x561dfc04f829 <unknown>
#11 0x561dfc0ead85 <unknown>
#12 0x561dfc0c3bd2 <unknown>
#13 0x561dfc0ea07b <unknown>
#14 0x561dfc0c39a3 <unknown>
#15 0x561dfc08f60e <unknown>
#16 0x561dfc090dd1 <unknown>
#17 0x561dfc55addb <unknown>
#18 0x561dfc55ecbc <unknown>
#19 0x561dfc542392 <unknown>
#20 0x561dfc55f834 <unknown>
#21 0x561dfc5261ef <unknown>
#22 0x561dfc583038 <unknown>
#23 0x561dfc583216 <unknown>
#24 0x561dfc593896 <unknown>
#25 0x7f3f212b01c4 <unknown>
",,,,,,
parilondigitalaopw.cc ,False,,"Both HTTPS and HTTP failed: Message: unknown error: net::ERR_NAME_NOT_RESOLVED
  (Session info: chrome=134.0.6998.88)
Stacktrace:
#0 0x561dfc594a1a <unknown>
#1 0x561dfc04c390 <unknown>
#2 0x561dfc043518 <unknown>
#3 0x561dfc033a39 <unknown>
#4 0x561dfc03573d <unknown>
#5 0x561dfc033dce <unknown>
#6 0x561dfc033775 <unknown>
#7 0x561dfc033449 <unknown>
#8 0x561dfc031159 <unknown>
#9 0x561dfc031a2a <unknown>
#10 0x561dfc04f829 <unknown>
#11 0x561dfc0ead85 <unknown>
#12 0x561dfc0c3bd2 <unknown>
#13 0x561dfc0ea07b <unknown>
#14 0x561dfc0c39a3 <unknown>
#15 0x561dfc08f60e <unknown>
#16 0x561dfc090dd1 <unknown>
#17 0x561dfc55addb <unknown>
#18 0x561dfc55ecbc <unknown>
#19 0x561dfc542392 <unknown>
#20 0x561dfc55f834 <unknown>
#21 0x561dfc5261ef <unknown>
#22 0x561dfc583038 <unknown>
#23 0x561dfc583216 <unknown>
#24 0x561dfc593896 <unknown>
#25 0x7f3f212b01c4 <unknown>
 | Message: unknown error: net::ERR_NAME_NOT_RESOLVED
  (Session info: chrome=134.0.6998.88)
Stacktrace:
#0 0x561dfc594a1a <unknown>
#1 0x561dfc04c390 <unknown>
#2 0x561dfc043518 <unknown>
#3 0x561dfc033a39 <unknown>
#4 0x561dfc03573d <unknown>
#5 0x561dfc033dce <unknown>
#6 0x561dfc033775 <unknown>
#7 0x561dfc033449 <unknown>
#8 0x561dfc031159 <unknown>
#9 0x561dfc031a2a <unknown>
#10 0x561dfc04f829 <unknown>
#11 0x561dfc0ead85 <unknown>
#12 0x561dfc0c3bd2 <unknown>
#13 0x561dfc0ea07b <unknown>
#14 0x561dfc0c39a3 <unknown>
#15 0x561dfc08f60e <unknown>
#16 0x561dfc090dd1 <unknown>
#17 0x561dfc55addb <unknown>
#18 0x561dfc55ecbc <unknown>
#19 0x561dfc542392 <unknown>
#20 0x561dfc55f834 <unknown>
#21 0x561dfc5261ef <unknown>
#22 0x561dfc583038 <unknown>
#23 0x561dfc583216 <unknown>
#24 0x561dfc593896 <unknown>
#25 0x7f3f212b01c4 <unknown>
",,,,,,
slalomcoe.cc ,True,https://slalomonline.cc/#/,,,,,,,
hasdhx.cc ,True,https://hasdhx.cc/,,,,,,,
amzonesteponline.cc ,True,https://amzonestepcoe.cc/#/login,,,,,,,
parilondigital1kxw.cc ,False,,"Both HTTPS and HTTP failed: Message: unknown error: net::ERR_NAME_NOT_RESOLVED
  (Session info: chrome=134.0.6998.88)
Stacktrace:
#0 0x561dfc594a1a <unknown>
#1 0x561dfc04c390 <unknown>
#2 0x561dfc043518 <unknown>
#3 0x561dfc033a39 <unknown>
#4 0x561dfc03573d <unknown>
#5 0x561dfc033dce <unknown>
#6 0x561dfc033775 <unknown>
#7 0x561dfc033449 <unknown>
#8 0x561dfc031159 <unknown>
#9 0x561dfc031a2a <unknown>
#10 0x561dfc04f829 <unknown>
#11 0x561dfc0ead85 <unknown>
#12 0x561dfc0c3bd2 <unknown>
#13 0x561dfc0ea07b <unknown>
#14 0x561dfc0c39a3 <unknown>
#15 0x561dfc08f60e <unknown>
#16 0x561dfc090dd1 <unknown>
#17 0x561dfc55addb <unknown>
#18 0x561dfc55ecbc <unknown>
#19 0x561dfc542392 <unknown>
#20 0x561dfc55f834 <unknown>
#21 0x561dfc5261ef <unknown>
#22 0x561dfc583038 <unknown>
#23 0x561dfc583216 <unknown>
#24 0x561dfc593896 <unknown>
#25 0x7f3f212b01c4 <unknown>
 | Message: unknown error: net::ERR_NAME_NOT_RESOLVED
  (Session info: chrome=134.0.6998.88)
Stacktrace:
#0 0x561dfc594a1a <unknown>
#1 0x561dfc04c390 <unknown>
#2 0x561dfc043518 <unknown>
#3 0x561dfc033a39 <unknown>
#4 0x561dfc03573d <unknown>
#5 0x561dfc033dce <unknown>
#6 0x561dfc033775 <unknown>
#7 0x561dfc033449 <unknown>
#8 0x561dfc031159 <unknown>
#9 0x561dfc031a2a <unknown>
#10 0x561dfc04f829 <unknown>
#11 0x561dfc0ead85 <unknown>
#12 0x561dfc0c3bd2 <unknown>
#13 0x561dfc0ea07b <unknown>
#14 0x561dfc0c39a3 <unknown>
#15 0x561dfc08f60e <unknown>
#16 0x561dfc090dd1 <unknown>
#17 0x561dfc55addb <unknown>
#18 0x561dfc55ecbc <unknown>
#19 0x561dfc542392 <unknown>
#20 0x561dfc55f834 <unknown>
#21 0x561dfc5261ef <unknown>
#22 0x561dfc583038 <unknown>
#23 0x561dfc583216 <unknown>
#24 0x561dfc593896 <unknown>
#25 0x7f3f212b01c4 <unknown>
",,,,,,
galaxyera.net ,True,https://galaxyera.net/,,,,,,,
asfoieashwp.cc ,True,https://asfoieashwp.cc/,,,,,,,
aguacalientespas.com ,True,https://aguacalientespas.com/,,,jQuery,,,,
glohashwp.com ,True,https://glohashwp.com/,,Cloudflare,,,,,
creatordbmve.cc ,True,https://creatordbmve.cc/#/404,,,Vue.js,,,,
creatordbcoin.cc ,True,https://creatordbmve.cc/#/pc/login,,,Vue.js,,,,
betoox.cc ,True,https://betoox.cc/,,,,,,,
glhaskcoink.com ,True,https://glhaskcoink.com/,,Cloudflare,,,,,
mydigipaljqix.cc ,False,,"Both HTTPS and HTTP failed: Message: unknown error: net::ERR_NAME_NOT_RESOLVED
  (Session info: chrome=134.0.6998.88)
Stacktrace:
#0 0x561dfc594a1a <unknown>
#1 0x561dfc04c390 <unknown>
#2 0x561dfc043518 <unknown>
#3 0x561dfc033a39 <unknown>
#4 0x561dfc03573d <unknown>
#5 0x561dfc033dce <unknown>
#6 0x561dfc033775 <unknown>
#7 0x561dfc033449 <unknown>
#8 0x561dfc031159 <unknown>
#9 0x561dfc031a2a <unknown>
#10 0x561dfc04f829 <unknown>
#11 0x561dfc0ead85 <unknown>
#12 0x561dfc0c3bd2 <unknown>
#13 0x561dfc0ea07b <unknown>
#14 0x561dfc0c39a3 <unknown>
#15 0x561dfc08f60e <unknown>
#16 0x561dfc090dd1 <unknown>
#17 0x561dfc55addb <unknown>
#18 0x561dfc55ecbc <unknown>
#19 0x561dfc542392 <unknown>
#20 0x561dfc55f834 <unknown>
#21 0x561dfc5261ef <unknown>
#22 0x561dfc583038 <unknown>
#23 0x561dfc583216 <unknown>
#24 0x561dfc593896 <unknown>
#25 0x7f3f212b01c4 <unknown>
 | Message: unknown error: net::ERR_NAME_NOT_RESOLVED
  (Session info: chrome=134.0.6998.88)
Stacktrace:
#0 0x561dfc594a1a <unknown>
#1 0x561dfc04c390 <unknown>
#2 0x561dfc043518 <unknown>
#3 0x561dfc033a39 <unknown>
#4 0x561dfc03573d <unknown>
#5 0x561dfc033dce <unknown>
#6 0x561dfc033775 <unknown>
#7 0x561dfc033449 <unknown>
#8 0x561dfc031159 <unknown>
#9 0x561dfc031a2a <unknown>
#10 0x561dfc04f829 <unknown>
#11 0x561dfc0ead85 <unknown>
#12 0x561dfc0c3bd2 <unknown>
#13 0x561dfc0ea07b <unknown>
#14 0x561dfc0c39a3 <unknown>
#15 0x561dfc08f60e <unknown>
#16 0x561dfc090dd1 <unknown>
#17 0x561dfc55addb <unknown>
#18 0x561dfc55ecbc <unknown>
#19 0x561dfc542392 <unknown>
#20 0x561dfc55f834 <unknown>
#21 0x561dfc5261ef <unknown>
#22 0x561dfc583038 <unknown>
#23 0x561dfc583216 <unknown>
#24 0x561dfc593896 <unknown>
#25 0x7f3f212b01c4 <unknown>
",,,,,,
mydigipalhjsx.cc ,False,,"Both HTTPS and HTTP failed: Message: unknown error: net::ERR_NAME_NOT_RESOLVED
  (Session info: chrome=134.0.6998.88)
Stacktrace:
#0 0x561dfc594a1a <unknown>
#1 0x561dfc04c390 <unknown>
#2 0x561dfc043518 <unknown>
#3 0x561dfc033a39 <unknown>
#4 0x561dfc03573d <unknown>
#5 0x561dfc033dce <unknown>
#6 0x561dfc033775 <unknown>
#7 0x561dfc033449 <unknown>
#8 0x561dfc031159 <unknown>
#9 0x561dfc031a2a <unknown>
#10 0x561dfc04f829 <unknown>
#11 0x561dfc0ead85 <unknown>
#12 0x561dfc0c3bd2 <unknown>
#13 0x561dfc0ea07b <unknown>
#14 0x561dfc0c39a3 <unknown>
#15 0x561dfc08f60e <unknown>
#16 0x561dfc090dd1 <unknown>
#17 0x561dfc55addb <unknown>
#18 0x561dfc55ecbc <unknown>
#19 0x561dfc542392 <unknown>
#20 0x561dfc55f834 <unknown>
#21 0x561dfc5261ef <unknown>
#22 0x561dfc583038 <unknown>
#23 0x561dfc583216 <unknown>
#24 0x561dfc593896 <unknown>
#25 0x7f3f212b01c4 <unknown>
 | Message: unknown error: net::ERR_NAME_NOT_RESOLVED
  (Session info: chrome=134.0.6998.88)
Stacktrace:
#0 0x561dfc594a1a <unknown>
#1 0x561dfc04c390 <unknown>
#2 0x561dfc043518 <unknown>
#3 0x561dfc033a39 <unknown>
#4 0x561dfc03573d <unknown>
#5 0x561dfc033dce <unknown>
#6 0x561dfc033775 <unknown>
#7 0x561dfc033449 <unknown>
#8 0x561dfc031159 <unknown>
#9 0x561dfc031a2a <unknown>
#10 0x561dfc04f829 <unknown>
#11 0x561dfc0ead85 <unknown>
#12 0x561dfc0c3bd2 <unknown>
#13 0x561dfc0ea07b <unknown>
#14 0x561dfc0c39a3 <unknown>
#15 0x561dfc08f60e <unknown>
#16 0x561dfc090dd1 <unknown>
#17 0x561dfc55addb <unknown>
#18 0x561dfc55ecbc <unknown>
#19 0x561dfc542392 <unknown>
#20 0x561dfc55f834 <unknown>
#21 0x561dfc5261ef <unknown>
#22 0x561dfc583038 <unknown>
#23 0x561dfc583216 <unknown>
#24 0x561dfc593896 <unknown>
#25 0x7f3f212b01c4 <unknown>
",,,,,,
devagroupskx.com ,False,,"Both HTTPS and HTTP failed: Message: unknown error: net::ERR_NAME_NOT_RESOLVED
  (Session info: chrome=134.0.6998.88)
Stacktrace:
#0 0x561dfc594a1a <unknown>
#1 0x561dfc04c390 <unknown>
#2 0x561dfc043518 <unknown>
#3 0x561dfc033a39 <unknown>
#4 0x561dfc03573d <unknown>
#5 0x561dfc033dce <unknown>
#6 0x561dfc033775 <unknown>
#7 0x561dfc033449 <unknown>
#8 0x561dfc031159 <unknown>
#9 0x561dfc031a2a <unknown>
#10 0x561dfc04f829 <unknown>
#11 0x561dfc0ead85 <unknown>
#12 0x561dfc0c3bd2 <unknown>
#13 0x561dfc0ea07b <unknown>
#14 0x561dfc0c39a3 <unknown>
#15 0x561dfc08f60e <unknown>
#16 0x561dfc090dd1 <unknown>
#17 0x561dfc55addb <unknown>
#18 0x561dfc55ecbc <unknown>
#19 0x561dfc542392 <unknown>
#20 0x561dfc55f834 <unknown>
#21 0x561dfc5261ef <unknown>
#22 0x561dfc583038 <unknown>
#23 0x561dfc583216 <unknown>
#24 0x561dfc593896 <unknown>
#25 0x7f3f212b01c4 <unknown>
 | Message: unknown error: net::ERR_NAME_NOT_RESOLVED
  (Session info: chrome=134.0.6998.88)
Stacktrace:
#0 0x561dfc594a1a <unknown>
#1 0x561dfc04c390 <unknown>
#2 0x561dfc043518 <unknown>
#3 0x561dfc033a39 <unknown>
#4 0x561dfc03573d <unknown>
#5 0x561dfc033dce <unknown>
#6 0x561dfc033775 <unknown>
#7 0x561dfc033449 <unknown>
#8 0x561dfc031159 <unknown>
#9 0x561dfc031a2a <unknown>
#10 0x561dfc04f829 <unknown>
#11 0x561dfc0ead85 <unknown>
#12 0x561dfc0c3bd2 <unknown>
#13 0x561dfc0ea07b <unknown>
#14 0x561dfc0c39a3 <unknown>
#15 0x561dfc08f60e <unknown>
#16 0x561dfc090dd1 <unknown>
#17 0x561dfc55addb <unknown>
#18 0x561dfc55ecbc <unknown>
#19 0x561dfc542392 <unknown>
#20 0x561dfc55f834 <unknown>
#21 0x561dfc5261ef <unknown>
#22 0x561dfc583038 <unknown>
#23 0x561dfc583216 <unknown>
#24 0x561dfc593896 <unknown>
#25 0x7f3f212b01c4 <unknown>
",,,,,,
synrreproc.cc ,False,,"Both HTTPS and HTTP failed: Message: unknown error: net::ERR_NAME_NOT_RESOLVED
  (Session info: chrome=134.0.6998.88)
Stacktrace:
#0 0x561dfc594a1a <unknown>
#1 0x561dfc04c390 <unknown>
#2 0x561dfc043518 <unknown>
#3 0x561dfc033a39 <unknown>
#4 0x561dfc03573d <unknown>
#5 0x561dfc033dce <unknown>
#6 0x561dfc033775 <unknown>
#7 0x561dfc033449 <unknown>
#8 0x561dfc031159 <unknown>
#9 0x561dfc031a2a <unknown>
#10 0x561dfc04f829 <unknown>
#11 0x561dfc0ead85 <unknown>
#12 0x561dfc0c3bd2 <unknown>
#13 0x561dfc0ea07b <unknown>
#14 0x561dfc0c39a3 <unknown>
#15 0x561dfc08f60e <unknown>
#16 0x561dfc090dd1 <unknown>
#17 0x561dfc55addb <unknown>
#18 0x561dfc55ecbc <unknown>
#19 0x561dfc542392 <unknown>
#20 0x561dfc55f834 <unknown>
#21 0x561dfc5261ef <unknown>
#22 0x561dfc583038 <unknown>
#23 0x561dfc583216 <unknown>
#24 0x561dfc593896 <unknown>
#25 0x7f3f212b01c4 <unknown>
 | Message: unknown error: net::ERR_NAME_NOT_RESOLVED
  (Session info: chrome=134.0.6998.88)
Stacktrace:
#0 0x561dfc594a1a <unknown>
#1 0x561dfc04c390 <unknown>
#2 0x561dfc043518 <unknown>
#3 0x561dfc033a39 <unknown>
#4 0x561dfc03573d <unknown>
#5 0x561dfc033dce <unknown>
#6 0x561dfc033775 <unknown>
#7 0x561dfc033449 <unknown>
#8 0x561dfc031159 <unknown>
#9 0x561dfc031a2a <unknown>
#10 0x561dfc04f829 <unknown>
#11 0x561dfc0ead85 <unknown>
#12 0x561dfc0c3bd2 <unknown>
#13 0x561dfc0ea07b <unknown>
#14 0x561dfc0c39a3 <unknown>
#15 0x561dfc08f60e <unknown>
#16 0x561dfc090dd1 <unknown>
#17 0x561dfc55addb <unknown>
#18 0x561dfc55ecbc <unknown>
#19 0x561dfc542392 <unknown>
#20 0x561dfc55f834 <unknown>
#21 0x561dfc5261ef <unknown>
#22 0x561dfc583038 <unknown>
#23 0x561dfc583216 <unknown>
#24 0x561dfc593896 <unknown>
#25 0x7f3f212b01c4 <unknown>
",,,,,,
ameirax2vvc.cc ,True,https://ameirax2vvc.cc/,,,,,,,
tamrcov.cc ,True,https://tamrcue.cc/#/login,,,,,,,
tamrcue.cc ,True,https://tamrcue.cc/#/login,,,,,,,
tamrpos.cc ,True,https://tamrcue.cc/#/login,,,,,,,
tamrwork.cc ,True,https://tamrcue.cc/#/login,,,,,,,
glohashose.com ,True,https://glohashose.com/,,Cloudflare,,,,,
saunpscaxlo.cc ,True,https://saunpscpqxw.cc/#/,,,,,,,
gmoaozorahot.com ,True,https://gmoaozorahot.com/#/pc/login,,,,,,,
lezzatbpl.com ,True,https://lezzatru.cc/#/login,,,,,,,
bitcoinopals.com ,True,http://bitcoinopals.com/,,,,,,,
viplaxwxlwndzx.cc ,True,https://viplaxwxlwndzx.cc/,,,,,,,
sundsaapew.com ,True,https://saunpscaxlo.cc/#/login,,,,,,,
sundnwapex.cc ,True,https://saunpscasxw.com/#/,,,,,,,
saunpscpqxw.cc ,True,https://saunpscpqxw.cc/#/login,,,,,,,
saunpscasxw.com ,True,https://saunpscaxlo.cc/?code=YXRmUmMyOTFibVJ6WTJGd1pTNWtZbUo1T1cwMExtTnZiUT09WFhYWFhYWFg=,,,,,,,
saunpsczkqx.com ,True,https://saunpscpqxw.cc/#/login,,,,,,,
newworldplz.cc ,True,https://newworldalw.cc/#/login,,,,,,,
newworldhk.cc ,True,https://newworldalw.cc/#/login,,,,,,,
newworldalw.cc ,True,https://newworldalw.cc/#/login,,,,,,,
lezzatecms.com ,True,https://lezzatru.cc/#/login,,,,,,,
lezzateg.com ,True,https://lezzatru.cc/#/login,,,,,,,
gmo-aozorae.com ,True,https://gmoaozorahot.com/#/pc/login,,,,,,,
gmo-aozorac.com ,True,https://gmo-aozorac.com/,,,,,,,
gmo-aozorau.com ,True,https://gmoaozorahot.com/#/pc/login,,,,,,,
gmo-aozorao.com ,True,https://gmo-aozorao.com/,,,,,,,
amzonestepwork.cc ,True,https://amzonesteppte.cc/#/login,,,,,,,
itcservicedesk.mowasalat.com ,True,https://itcservicedesk.mowasalat.com/,,Cloudflare,,,,,
amzonesteppte.cc ,True,https://amzonesteppte.cc/#/login,,,,,,,
amzonestepcoe.cc ,True,https://amzonestepcoe.cc/#/login,,,,,,,
slalomwork.cc ,True,https://slalomcoe.cc/#/login,,,,,,,
slalompte.cc ,True,https://slalompte.cc/#/login,,,,,,,
slalomonline.cc ,True,https://slalompte.cc/#/login,,,,,,,
fortunecoe.cc ,True,https://fortuneonline.cc/#/,,,,,,,
fortunework.cc ,True,https://fortuneopte.cc/#/login,,,,,,,
fortuneonline.cc ,True,https://fortunecoe.cc/#/login,,,,,,,
fortuneopte.cc ,True,https://fortuneopte.cc/#/login,,,,,,,
hdexa9ae.cc ,False,,"Both HTTPS and HTTP failed: Message: unknown error: net::ERR_NAME_NOT_RESOLVED
  (Session info: chrome=134.0.6998.88)
Stacktrace:
#0 0x561dfc594a1a <unknown>
#1 0x561dfc04c390 <unknown>
#2 0x561dfc043518 <unknown>
#3 0x561dfc033a39 <unknown>
#4 0x561dfc03573d <unknown>
#5 0x561dfc033dce <unknown>
#6 0x561dfc033775 <unknown>
#7 0x561dfc033449 <unknown>
#8 0x561dfc031159 <unknown>
#9 0x561dfc031a2a <unknown>
#10 0x561dfc04f829 <unknown>
#11 0x561dfc0ead85 <unknown>
#12 0x561dfc0c3bd2 <unknown>
#13 0x561dfc0ea07b <unknown>
#14 0x561dfc0c39a3 <unknown>
#15 0x561dfc08f60e <unknown>
#16 0x561dfc090dd1 <unknown>
#17 0x561dfc55addb <unknown>
#18 0x561dfc55ecbc <unknown>
#19 0x561dfc542392 <unknown>
#20 0x561dfc55f834 <unknown>
#21 0x561dfc5261ef <unknown>
#22 0x561dfc583038 <unknown>
#23 0x561dfc583216 <unknown>
#24 0x561dfc593896 <unknown>
#25 0x7f3f212b01c4 <unknown>
 | Message: unknown error: net::ERR_NAME_NOT_RESOLVED
  (Session info: chrome=134.0.6998.88)
Stacktrace:
#0 0x561dfc594a1a <unknown>
#1 0x561dfc04c390 <unknown>
#2 0x561dfc043518 <unknown>
#3 0x561dfc033a39 <unknown>
#4 0x561dfc03573d <unknown>
#5 0x561dfc033dce <unknown>
#6 0x561dfc033775 <unknown>
#7 0x561dfc033449 <unknown>
#8 0x561dfc031159 <unknown>
#9 0x561dfc031a2a <unknown>
#10 0x561dfc04f829 <unknown>
#11 0x561dfc0ead85 <unknown>
#12 0x561dfc0c3bd2 <unknown>
#13 0x561dfc0ea07b <unknown>
#14 0x561dfc0c39a3 <unknown>
#15 0x561dfc08f60e <unknown>
#16 0x561dfc090dd1 <unknown>
#17 0x561dfc55addb <unknown>
#18 0x561dfc55ecbc <unknown>
#19 0x561dfc542392 <unknown>
#20 0x561dfc55f834 <unknown>
#21 0x561dfc5261ef <unknown>
#22 0x561dfc583038 <unknown>
#23 0x561dfc583216 <unknown>
#24 0x561dfc593896 <unknown>
#25 0x7f3f212b01c4 <unknown>
",,,,,,
galrxydogtal.cc ,True,https://galrxydogtal.cc/,,,,,,,
devagroupjkw.com ,True,https://devagroupiejx.cc/#/login,,,,,,,
shakestasdj.cc ,True,https://shakestasdj.cc/#/pc,,,Vue.js,,,,
fatjoepwox.cc ,False,,"Both HTTPS and HTTP failed: Message: unknown error: net::ERR_NAME_NOT_RESOLVED
  (Session info: chrome=134.0.6998.88)
Stacktrace:
#0 0x561dfc594a1a <unknown>
#1 0x561dfc04c390 <unknown>
#2 0x561dfc043518 <unknown>
#3 0x561dfc033a39 <unknown>
#4 0x561dfc03573d <unknown>
#5 0x561dfc033dce <unknown>
#6 0x561dfc033775 <unknown>
#7 0x561dfc033449 <unknown>
#8 0x561dfc031159 <unknown>
#9 0x561dfc031a2a <unknown>
#10 0x561dfc04f829 <unknown>
#11 0x561dfc0ead85 <unknown>
#12 0x561dfc0c3bd2 <unknown>
#13 0x561dfc0ea07b <unknown>
#14 0x561dfc0c39a3 <unknown>
#15 0x561dfc08f60e <unknown>
#16 0x561dfc090dd1 <unknown>
#17 0x561dfc55addb <unknown>
#18 0x561dfc55ecbc <unknown>
#19 0x561dfc542392 <unknown>
#20 0x561dfc55f834 <unknown>
#21 0x561dfc5261ef <unknown>
#22 0x561dfc583038 <unknown>
#23 0x561dfc583216 <unknown>
#24 0x561dfc593896 <unknown>
#25 0x7f3f212b01c4 <unknown>
 | Message: unknown error: net::ERR_NAME_NOT_RESOLVED
  (Session info: chrome=134.0.6998.88)
Stacktrace:
#0 0x561dfc594a1a <unknown>
#1 0x561dfc04c390 <unknown>
#2 0x561dfc043518 <unknown>
#3 0x561dfc033a39 <unknown>
#4 0x561dfc03573d <unknown>
#5 0x561dfc033dce <unknown>
#6 0x561dfc033775 <unknown>
#7 0x561dfc033449 <unknown>
#8 0x561dfc031159 <unknown>
#9 0x561dfc031a2a <unknown>
#10 0x561dfc04f829 <unknown>
#11 0x561dfc0ead85 <unknown>
#12 0x561dfc0c3bd2 <unknown>
#13 0x561dfc0ea07b <unknown>
#14 0x561dfc0c39a3 <unknown>
#15 0x561dfc08f60e <unknown>
#16 0x561dfc090dd1 <unknown>
#17 0x561dfc55addb <unknown>
#18 0x561dfc55ecbc <unknown>
#19 0x561dfc542392 <unknown>
#20 0x561dfc55f834 <unknown>
#21 0x561dfc5261ef <unknown>
#22 0x561dfc583038 <unknown>
#23 0x561dfc583216 <unknown>
#24 0x561dfc593896 <unknown>
#25 0x7f3f212b01c4 <unknown>
",,,,,,
stxnexthe.com ,True,https://stxnextue.com/#/login,,,,,,,
devagroupiejx.cc ,True,https://devagroupiejx.cc/#/login,,,,,,,
devagrouplaoq.cc ,True,https://devagroupskx.com/,,,"React, Vue.js",,,,
creatordbuhe.cc ,True,https://creatordbuhe.cc/#/404,,,Vue.js,,,,
creatordbwor.cc ,True,https://creatordbmve.cc/#/,,,Vue.js,,,,
glarzydagtel.cc ,True,https://glarzydagtel.cc/,,,,,,,
insipit4wxe.cc ,True,https://insipit4wxe.cc/,,,,,,,
appmaisternu.cc ,True,https://appmaistersmr.cc/#/,,,,,,,
appmaisterpe.cc ,True,https://appmaistersoe.cc/#/,,,,,,,
combinedkakx.cc ,True,https://combinedkakx.cc/#/login,,,,,,,
combinedxazw.cc ,True,https://combinedxazw.cc/,,,,,,,
kayakcommunwcationsltd.cc ,True,https://kangmeiju.net/#/,,,,,,,
porlianqigltaihwq.cc ,False,,"Both HTTPS and HTTP failed: Message: unknown error: net::ERR_NAME_NOT_RESOLVED
  (Session info: chrome=134.0.6998.88)
Stacktrace:
#0 0x561dfc594a1a <unknown>
#1 0x561dfc04c390 <unknown>
#2 0x561dfc043518 <unknown>
#3 0x561dfc033a39 <unknown>
#4 0x561dfc03573d <unknown>
#5 0x561dfc033dce <unknown>
#6 0x561dfc033775 <unknown>
#7 0x561dfc033449 <unknown>
#8 0x561dfc031159 <unknown>
#9 0x561dfc031a2a <unknown>
#10 0x561dfc04f829 <unknown>
#11 0x561dfc0ead85 <unknown>
#12 0x561dfc0c3bd2 <unknown>
#13 0x561dfc0ea07b <unknown>
#14 0x561dfc0c39a3 <unknown>
#15 0x561dfc08f60e <unknown>
#16 0x561dfc090dd1 <unknown>
#17 0x561dfc55addb <unknown>
#18 0x561dfc55ecbc <unknown>
#19 0x561dfc542392 <unknown>
#20 0x561dfc55f834 <unknown>
#21 0x561dfc5261ef <unknown>
#22 0x561dfc583038 <unknown>
#23 0x561dfc583216 <unknown>
#24 0x561dfc593896 <unknown>
#25 0x7f3f212b01c4 <unknown>
 | Message: unknown error: net::ERR_NAME_NOT_RESOLVED
  (Session info: chrome=134.0.6998.88)
Stacktrace:
#0 0x561dfc594a1a <unknown>
#1 0x561dfc04c390 <unknown>
#2 0x561dfc043518 <unknown>
#3 0x561dfc033a39 <unknown>
#4 0x561dfc03573d <unknown>
#5 0x561dfc033dce <unknown>
#6 0x561dfc033775 <unknown>
#7 0x561dfc033449 <unknown>
#8 0x561dfc031159 <unknown>
#9 0x561dfc031a2a <unknown>
#10 0x561dfc04f829 <unknown>
#11 0x561dfc0ead85 <unknown>
#12 0x561dfc0c3bd2 <unknown>
#13 0x561dfc0ea07b <unknown>
#14 0x561dfc0c39a3 <unknown>
#15 0x561dfc08f60e <unknown>
#16 0x561dfc090dd1 <unknown>
#17 0x561dfc55addb <unknown>
#18 0x561dfc55ecbc <unknown>
#19 0x561dfc542392 <unknown>
#20 0x561dfc55f834 <unknown>
#21 0x561dfc5261ef <unknown>
#22 0x561dfc583038 <unknown>
#23 0x561dfc583216 <unknown>
#24 0x561dfc593896 <unknown>
#25 0x7f3f212b01c4 <unknown>
",,,,,,
porlianqigltaiqkl.cc ,False,,"Both HTTPS and HTTP failed: Message: unknown error: net::ERR_NAME_NOT_RESOLVED
  (Session info: chrome=134.0.6998.88)
Stacktrace:
#0 0x561dfc594a1a <unknown>
#1 0x561dfc04c390 <unknown>
#2 0x561dfc043518 <unknown>
#3 0x561dfc033a39 <unknown>
#4 0x561dfc03573d <unknown>
#5 0x561dfc033dce <unknown>
#6 0x561dfc033775 <unknown>
#7 0x561dfc033449 <unknown>
#8 0x561dfc031159 <unknown>
#9 0x561dfc031a2a <unknown>
#10 0x561dfc04f829 <unknown>
#11 0x561dfc0ead85 <unknown>
#12 0x561dfc0c3bd2 <unknown>
#13 0x561dfc0ea07b <unknown>
#14 0x561dfc0c39a3 <unknown>
#15 0x561dfc08f60e <unknown>
#16 0x561dfc090dd1 <unknown>
#17 0x561dfc55addb <unknown>
#18 0x561dfc55ecbc <unknown>
#19 0x561dfc542392 <unknown>
#20 0x561dfc55f834 <unknown>
#21 0x561dfc5261ef <unknown>
#22 0x561dfc583038 <unknown>
#23 0x561dfc583216 <unknown>
#24 0x561dfc593896 <unknown>
#25 0x7f3f212b01c4 <unknown>
 | Message: unknown error: net::ERR_NAME_NOT_RESOLVED
  (Session info: chrome=134.0.6998.88)
Stacktrace:
#0 0x561dfc594a1a <unknown>
#1 0x561dfc04c390 <unknown>
#2 0x561dfc043518 <unknown>
#3 0x561dfc033a39 <unknown>
#4 0x561dfc03573d <unknown>
#5 0x561dfc033dce <unknown>
#6 0x561dfc033775 <unknown>
#7 0x561dfc033449 <unknown>
#8 0x561dfc031159 <unknown>
#9 0x561dfc031a2a <unknown>
#10 0x561dfc04f829 <unknown>
#11 0x561dfc0ead85 <unknown>
#12 0x561dfc0c3bd2 <unknown>
#13 0x561dfc0ea07b <unknown>
#14 0x561dfc0c39a3 <unknown>
#15 0x561dfc08f60e <unknown>
#16 0x561dfc090dd1 <unknown>
#17 0x561dfc55addb <unknown>
#18 0x561dfc55ecbc <unknown>
#19 0x561dfc542392 <unknown>
#20 0x561dfc55f834 <unknown>
#21 0x561dfc5261ef <unknown>
#22 0x561dfc583038 <unknown>
#23 0x561dfc583216 <unknown>
#24 0x561dfc593896 <unknown>
#25 0x7f3f212b01c4 <unknown>
",,,,,,
galaxydigmtal.cc ,True,https://galaxydigmtal.cc/,,,,,,,
ak2hw2wr.cc ,True,https://ak2hw2wr.cc/,,,,,,,
bash2xxa.cc ,True,https://bash2xxa.cc/,,,,,,,
agencjawhitesu.cc ,True,https://agencjawhiteso.cc/#/,,,,,,,
agencjawhiteso.cc ,True,https://agencjawhitest.cc/#/login,,,,,,,
agencjawhitesr.cc,True,https://agencjawhitesu.cc/#/login,,,,cloudflare,True,DYNAMIC,91fd8ae48a9a2b72-LAX
